date,open,high,low,close
2016-10-11,17.65,17.65,17.46,17.46
2016-10-12,17.5,17.5,17.45,17.45
2016-10-13,17.44,17.45,17.41,17.41
2016-10-14,17.34,17.43,17.33,17.39
2016-10-17,17.42,17.43,17.42,17.43
2016-10-18,17.65,17.65,17.5,17.59
2016-10-19,17.58,17.71,17.58,17.62
2016-10-20,17.68,17.68,17.42,17.5
2016-10-21,17.45,17.45,17.45,17.45
2016-10-24,17.56,17.56,17.56,17.56
2016-10-25,17.63,17.74,17.63,17.74
2016-10-26,17.66,17.66,17.58,17.58
2016-10-27,17.59,17.6,17.59,17.6
2016-10-28,17.62,17.85,17.6,17.76
2016-10-31,17.81,17.81,17.76,17.76
2016-11-01,18.0,18.45,18.0,18.39
2016-11-02,18.33,18.66,18.33,18.66
2016-11-03,18.38,18.38,18.33,18.38
2016-11-04,18.34,18.37,18.34,18.34
2016-11-07,18.15,18.19,18.12,18.12
2016-11-08,18.3,18.7,18.3,18.33
2016-11-09,18.77,18.8,18.36,18.36
2016-11-10,18.48,18.72,18.46,18.72
2016-11-14,17.46,17.46,16.81,16.88
2016-11-15,17.05,17.05,17.03,17.03
2016-11-16,16.91,16.92,16.91,16.91
2016-11-17,16.76,16.76,16.76,16.76
2016-11-18,16.61,16.61,16.61,16.61
2016-11-21,16.51,16.55,16.51,16.51
2016-11-22,16.62,16.62,16.62,16.62
2016-11-23,16.25,16.38,16.25,16.38
2016-11-25,16.54,16.54,16.46,16.46
2016-11-28,16.58,16.58,16.58,16.58
2016-11-29,16.6,16.7,16.39,16.66
2016-11-30,16.55,16.72,16.4,16.41
2016-12-01,16.5,16.63,16.25,16.43
2016-12-02,16.61,16.77,16.31,16.75
2016-12-05,16.91,16.96,16.52,16.82
2016-12-06,16.84,16.86,16.74,16.74
2016-12-07,16.67,17.2,16.65,17.2
2016-12-08,17.1,17.11,17.0,17.02
2016-12-09,16.98,17.02,16.82,16.9
2016-12-12,16.83,17.15,16.83,17.12
2016-12-13,17.08,17.15,16.76,16.91
2016-12-14,17.14,17.15,16.8,17.15
2016-12-15,16.5,16.5,15.89,15.9
2016-12-16,16.0,16.15,16.0,16.15
2016-12-19,16.0,16.03,15.98,16.03
2016-12-20,15.71,16.05,15.7,16.05
2016-12-21,16.1,16.12,15.92,15.92
2016-12-22,15.91,15.97,15.79,15.81
2016-12-23,15.77,15.8,15.7,15.7
2016-12-27,15.84,15.93,15.84,15.93
2016-12-28,16.0,16.02,15.88,15.99
2016-12-29,15.99,16.2,15.99,16.16
2016-12-30,16.24,16.24,15.86,15.94
2017-01-03,16.04,16.43,16.03,16.36
2017-01-04,16.4,16.5,16.4,16.5
2017-01-05,16.65,16.71,16.58,16.58
2017-01-06,16.38,16.49,16.38,16.47
2017-01-09,16.44,16.66,16.44,16.63
2017-01-10,16.64,16.8,16.59,16.8
2017-01-11,16.61,16.78,16.61,16.78
2017-01-12,16.78,16.78,16.78,16.78
2017-01-13,16.72,16.72,16.72,16.72
2017-01-17,17.1,17.1,17.1,17.1
2017-01-18,17.24,17.24,17.21,17.24
2017-01-19,16.97,16.97,16.97,16.97
2017-01-20,16.92,17.12,16.92,17.0
2017-01-23,17.2,17.2,17.13,17.15
2017-01-24,17.15,17.15,17.15,17.15
2017-01-25,16.83,16.96,16.83,16.94
2017-01-26,16.81,16.81,16.81,16.81
2017-01-27,17.1,17.1,17.1,17.1
2017-01-30,17.15,17.15,17.12,17.12
2017-01-31,17.33,17.56,17.33,17.51
2017-02-01,17.45,17.59,17.42,17.42
2017-02-02,17.67,17.67,17.4,17.4
2017-02-03,17.41,17.45,17.41,17.45
2017-02-06,17.59,17.73,17.57,17.67
2017-02-07,17.58,17.73,17.58,17.73
2017-02-08,17.65,17.8,17.65,17.68
2017-02-09,17.75,17.82,17.72,17.72
2017-02-10,17.58,17.97,17.58,17.91
2017-02-13,17.9,17.9,17.8,17.8
2017-02-14,17.87,17.96,17.87,17.87
2017-02-15,17.92,17.96,17.92,17.95
2017-02-16,18.05,18.06,18.05,18.06
2017-02-17,18.0,18.05,18.0,18.02
2017-02-21,17.99,18.05,17.96,17.99
2017-02-22,17.94,17.94,17.94,17.94
2017-02-23,18.06,18.11,18.06,18.11
2017-02-24,18.33,18.33,18.33,18.33
2017-02-27,18.35,18.48,18.2,18.35
2017-02-28,18.29,18.44,18.24,18.42
2017-03-01,18.3,18.45,18.25,18.44
2017-03-02,18.41,18.41,17.69,17.7
2017-03-03,17.79,17.94,17.62,17.7
2017-03-06,17.9,17.9,17.7,17.73
2017-03-07,17.72,17.72,17.47,17.49
2017-03-08,17.49,17.5,17.21,17.26
2017-03-09,17.16,17.25,16.92,16.99
2017-03-10,16.92,17.05,16.83,16.88
2017-03-13,16.98,17.09,16.93,16.93
2017-03-14,16.92,16.96,16.89,16.89
2017-03-15,16.9,17.22,16.82,16.89
2017-03-16,17.39,17.47,17.25,17.3
2017-03-17,17.3,17.38,17.28,17.38
2017-03-20,17.42,17.42,17.35,17.4
2017-03-21,17.33,17.55,17.33,17.55
2017-03-22,17.55,17.55,17.54,17.55
2017-03-23,17.58,17.58,17.56,17.56
2017-03-24,17.72,17.72,17.72,17.72
2017-03-27,18.08,18.1,18.08,18.08
2017-03-28,18.15,18.23,18.14,18.23
2017-03-29,18.23,18.23,18.23,18.23
2017-03-30,18.16,18.25,18.16,18.18
2017-03-31,18.12,18.24,18.11,18.24
2017-04-03,18.22,18.22,18.19,18.19
2017-04-04,18.3,18.3,18.3,18.3
2017-04-05,18.22,18.22,18.17,18.17
2017-04-06,18.17,18.23,18.17,18.23
2017-04-07,18.35,18.42,18.13,18.13
2017-04-10,17.82,17.89,17.75,17.89
2017-04-11,18.04,18.29,18.04,18.23
2017-04-12,18.32,18.39,18.28,18.28
2017-04-13,18.48,18.5,18.47,18.49
2017-04-17,18.49,18.49,18.43,18.49
2017-04-18,18.25,18.25,18.25,18.25
2017-04-19,18.14,18.14,18.14,18.14
2017-04-20,17.99,17.99,17.99,17.99
2017-04-21,17.99,17.99,17.83,17.83
2017-04-24,17.85,17.85,17.85,17.85
2017-04-25,17.58,17.58,17.56,17.58
2017-04-26,17.35,17.35,17.35,17.35
2017-04-27,17.46,17.47,17.2,17.26
2017-04-28,17.23,17.38,17.13,17.19
2017-05-01,17.18,17.22,16.76,16.78
2017-05-02,16.85,16.95,16.75,16.77
2017-05-03,16.8,16.83,16.42,16.49
2017-05-04,16.42,16.55,16.21,16.24
2017-05-05,16.29,16.47,16.19,16.22
2017-05-08,16.26,16.4,16.2,16.2
2017-05-09,16.15,16.18,16.01,16.01
2017-05-10,16.15,16.24,16.1,16.15
2017-05-11,16.16,16.32,16.16,16.21
2017-05-12,16.28,16.41,16.28,16.35
2017-05-15,16.43,16.74,16.42,16.56
2017-05-16,16.58,16.77,16.58,16.69
2017-05-17,16.85,16.95,16.74,16.85
2017-05-18,16.7,16.7,16.51,16.62
2017-05-19,16.52,16.77,16.52,16.75
2017-05-22,17.14,17.14,17.14,17.14
2017-05-23,17.08,17.23,17.01,17.09
2017-05-24,16.99,17.08,16.99,17.08
2017-05-25,17.17,17.19,17.15,17.15
2017-05-26,17.1,17.31,17.1,17.28
2017-05-30,17.33,17.4,17.21,17.39
2017-05-31,17.21,17.37,17.21,17.37
2017-06-01,17.3,17.31,17.02,17.24
2017-06-02,17.2,17.5,17.12,17.49
2017-06-05,17.55,17.6,17.55,17.55
2017-06-06,17.51,17.69,17.51,17.68
2017-06-07,17.62,17.69,17.51,17.59
2017-06-08,17.59,17.6,17.36,17.38
2017-06-09,17.45,17.45,17.17,17.19
2017-06-12,17.11,17.11,16.91,16.91
2017-06-13,16.92,16.92,16.74,16.74
2017-06-14,16.84,17.18,16.84,17.11
2017-06-15,16.63,16.73,16.63,16.69
2017-06-16,16.74,16.74,16.64,16.64
2017-06-19,16.51,16.53,16.48,16.48
2017-06-20,16.47,16.57,16.38,16.4
2017-06-21,16.46,16.47,16.33,16.35
2017-06-22,16.44,16.49,16.44,16.49
2017-06-23,16.65,16.65,16.63,16.63
2017-06-26,16.42,16.56,16.42,16.56
2017-06-27,16.58,16.58,16.58,16.58
2017-06-28,16.75,16.75,16.68,16.72
2017-06-29,16.77,16.86,16.56,16.59
2017-06-30,16.59,16.63,16.44,16.57
2017-07-03,16.58,16.58,16.03,16.04
2017-07-05,16.1,16.1,15.84,15.84
2017-07-06,15.99,16.0,15.89,15.93
2017-07-07,15.96,15.97,15.3,15.37
2017-07-10,15.54,15.61,15.15,15.58
2017-07-11,15.57,15.76,15.4,15.7
2017-07-12,15.77,15.88,15.76,15.84
2017-07-13,15.89,15.89,15.64,15.64
2017-07-14,15.64,15.97,15.59,15.88
2017-07-17,16.1,16.11,16.04,16.05
2017-07-18,16.02,16.25,16.02,16.22
2017-07-19,16.14,16.25,16.13,16.25
2017-07-20,16.18,16.33,16.14,16.3
2017-07-21,16.25,16.44,16.25,16.41
2017-07-24,16.42,16.47,16.35,16.4
2017-07-25,16.41,16.5,16.26,16.5
2017-07-26,16.4,16.61,16.36,16.42
2017-07-27,16.62,16.65,16.53,16.53
2017-07-28,16.5,16.69,16.49,16.66
2017-07-31,16.74,16.83,16.73,16.75
2017-08-01,16.64,16.78,16.64,16.73
2017-08-02,16.7,16.7,16.7,16.7
2017-08-03,16.59,16.59,16.59,16.59
2017-08-04,16.26,16.26,16.2,16.22
2017-08-07,16.2,16.24,16.09,16.22
2017-08-08,16.36,16.42,16.34,16.36
2017-08-09,16.5,16.85,16.48,16.83
2017-08-10,16.94,17.21,16.94,17.04
2017-08-11,17.09,17.1,17.02,17.04
2017-08-14,17.06,17.11,16.99,17.09
2017-08-15,16.69,16.69,16.69,16.69
2017-08-16,16.69,17.07,16.69,16.92
2017-08-17,17.13,17.13,16.99,17.03
2017-08-18,16.98,16.98,16.98,16.98
2017-08-21,17.0,17.0,17.0,17.0
2017-08-22,16.96,16.96,16.96,16.96
2017-08-23,17.03,17.03,17.03,17.03
2017-08-24,17.06,17.06,16.95,16.95
2017-08-25,16.95,17.04,16.95,17.04
2017-08-28,17.43,17.43,17.43,17.43
2017-08-29,17.42,17.42,17.42,17.42
2017-08-30,17.39,17.46,17.28,17.4
2017-08-31,17.42,17.6,17.25,17.48
2017-09-01,17.57,17.72,17.44,17.72
2017-09-05,17.78,17.98,17.77,17.84
2017-09-06,17.92,17.97,17.8,17.82
2017-09-07,17.84,18.1,17.8,18.02
2017-09-08,18.09,18.16,17.92,18.03
2017-09-11,17.89,17.89,17.69,17.81
2017-09-12,17.78,17.87,17.7,17.8
2017-09-13,17.86,17.91,17.64,17.77
2017-09-14,17.65,17.76,17.58,17.7
2017-09-15,17.76,17.8,17.55,17.61
2017-09-18,17.49,17.52,17.03,17.07
2017-09-19,17.14,17.24,17.11,17.19
2017-09-20,17.25,17.34,17.01,17.25
2017-09-21,16.9,16.94,16.8,16.94
2017-09-22,16.99,16.99,16.9,16.9
2017-09-25,16.85,17.09,16.81,17.06
2017-09-26,16.88,16.89,16.77,16.8
2017-09-27,16.7,16.82,16.69,16.75
2017-09-28,16.75,16.83,16.66,16.77
2017-09-29,16.81,16.81,16.61,16.61
2017-10-02,16.59,16.64,16.52,16.58
2017-10-03,16.53,16.58,16.53,16.58
2017-10-04,16.65,16.82,16.51,16.56
2017-10-05,16.65,16.71,16.58,16.58
2017-10-06,16.59,16.73,16.43,16.73
2017-10-09,16.86,16.93,16.86,16.92
2017-10-10,16.93,17.17,16.92,17.16
2017-10-11,17.15,17.2,17.07,17.08
2017-10-12,17.2,17.22,17.2,17.21
2017-10-13,17.22,17.38,17.22,17.35
2017-10-16,17.42,17.43,17.28,17.32
2017-10-17,16.99,17.01,16.99,16.99
2017-10-18,16.94,16.94,16.94,16.94
2017-10-19,16.99,17.22,16.99,17.2
2017-10-20,17.17,17.17,16.99,17.02
2017-10-23,16.92,17.02,16.87,17.02
2017-10-24,16.89,16.94,16.89,16.91
2017-10-25,16.87,16.87,16.87,16.87
2017-10-26,16.76,16.76,16.76,16.76
2017-10-27,16.7,16.7,16.7,16.7
2017-10-30,16.72,16.84,16.72,16.8
2017-10-31,16.8,16.8,16.65,16.65
2017-11-01,16.99,17.13,16.99,17.13
2017-11-02,17.07,17.09,17.06,17.09
2017-11-03,17.1,17.1,16.79,16.79
2017-11-06,17.19,17.23,17.19,17.19
2017-11-07,16.91,16.92,16.91,16.91
2017-11-08,17.11,17.11,17.11,17.11
2017-11-09,16.93,16.94,16.93,16.94
2017-11-10,17.0,17.0,16.84,16.84
2017-11-13,16.84,17.02,16.84,17.02
2017-11-14,16.91,17.05,16.91,17.05
2017-11-15,16.95,16.95,16.94,16.95
2017-11-16,16.95,17.06,16.95,17.06
2017-11-17,17.12,17.36,17.12,17.36
2017-11-20,16.83,16.83,16.83,16.83
2017-11-21,16.95,16.95,16.93,16.95
2017-11-22,17.1,17.1,17.1,17.1
2017-11-24,16.99,16.99,16.98,16.98
2017-11-27,17.02,17.02,17.01,17.01
2017-11-28,17.02,17.02,16.81,16.81
2017-11-29,16.81,16.86,16.45,16.46
2017-11-30,16.48,16.52,16.28,16.38
2017-12-01,16.39,16.49,16.2,16.3
2017-12-04,16.31,16.34,16.19,16.28
2017-12-05,16.25,16.28,15.97,15.97
2017-12-06,16.04,16.05,15.87,15.87
2017-12-07,15.88,15.89,15.6,15.72
2017-12-08,15.68,15.77,15.65,15.74
2017-12-11,15.77,15.8,15.62,15.7
2017-12-12,15.66,15.7,15.56,15.58
2017-12-13,15.64,15.99,15.62,15.78
2017-12-14,16.0,16.0,15.8,15.85
2017-12-15,16.01,16.01,15.95,15.98
2017-12-18,15.98,16.12,15.98,16.12
2017-12-19,16.16,16.16,16.07,16.07
2017-12-20,16.09,16.19,16.09,16.19
2017-12-21,16.09,16.15,16.09,16.15
2017-12-22,16.14,16.36,16.14,16.36
2017-12-26,16.48,16.52,16.48,16.52
2017-12-27,16.59,16.62,16.58,16.62
2017-12-28,16.65,16.83,16.65,16.83
2017-12-29,16.92,17.06,16.92,17.06
2018-01-02,17.16,17.16,17.12,17.12
2018-01-03,17.08,17.18,17.08,17.18
2018-01-04,17.08,17.23,17.08,17.19
2018-01-05,17.2,17.2,17.2,17.2
2018-01-08,17.06,17.06,17.06,17.06
2018-01-09,16.94,16.94,16.94,16.94
2018-01-10,16.96,16.96,16.95,16.96
2018-01-11,16.95,16.97,16.89,16.89
2018-01-12,16.92,17.12,16.92,17.07
2018-01-16,17.31,17.33,17.12,17.12
2018-01-17,17.09,17.12,16.97,17.1
2018-01-18,17.0,17.01,16.89,16.89
2018-01-19,16.93,16.99,16.93,16.98
2018-01-22,16.99,16.99,16.93,16.93
2018-01-23,16.85,16.85,16.85,16.85
2018-01-24,17.42,17.42,17.42,17.42
2018-01-25,17.52,17.55,17.52,17.55
2018-01-26,17.38,17.38,17.38,17.38
2018-01-30,17.06,17.18,17.01,17.01
2018-01-31,17.17,17.21,17.17,17.2
2018-02-01,17.12,17.12,17.12,17.12
2018-02-02,16.68,16.68,16.68,16.68
2018-02-05,16.64,16.64,16.64,16.64
2018-02-06,16.7,16.7,16.54,16.55
2018-02-07,16.63,16.63,16.21,16.21
2018-02-08,16.31,16.31,16.31,16.31
2018-02-09,16.12,16.12,16.12,16.12
2018-02-12,16.38,16.55,16.34,16.55
2018-02-13,16.51,16.51,16.51,16.51
2018-02-14,16.86,16.86,16.86,16.86
2018-02-15,16.78,16.78,16.78,16.78
2018-02-16,16.69,16.69,16.69,16.69
2018-02-20,16.42,16.42,16.42,16.42
2018-02-21,16.6,16.6,16.6,16.6
2018-02-22,16.57,16.58,16.57,16.58
2018-02-23,16.55,16.56,16.48,16.48
2018-02-26,16.54,16.54,16.54,16.54
2018-02-27,16.61,16.65,16.26,16.35
2018-02-28,16.33,16.43,16.3,16.32
2018-03-01,16.35,16.47,16.09,16.2
2018-03-02,16.39,16.5,16.36,16.39
2018-03-05,16.47,16.55,16.32,16.34
2018-03-06,16.37,16.81,16.37,16.72
2018-03-07,16.64,16.64,16.4,16.43
2018-03-08,16.44,16.47,16.38,16.44
2018-03-09,16.33,16.61,16.31,16.55
2018-03-12,16.57,16.57,16.39,16.47
2018-03-13,16.5,16.56,16.46,16.56
2018-03-14,16.53,16.53,16.47,16.47
2018-03-15,16.49,16.49,16.31,16.35
2018-03-16,16.33,16.41,16.18,16.2
2018-03-19,16.17,16.26,16.17,16.25
2018-03-20,16.22,16.22,16.05,16.12
2018-03-21,16.39,16.53,16.36,16.36
2018-03-22,16.49,16.5,16.33,16.33
2018-03-23,16.45,16.55,16.45,16.53
2018-03-26,16.7,16.73,16.61,16.63
2018-03-27,16.5,16.5,16.49,16.49
2018-03-28,16.45,16.45,16.19,16.2
2018-03-29,16.25,16.25,16.21,16.22
2018-04-02,16.47,16.63,16.47,16.63
2018-04-03,16.35,16.35,16.35,16.35
2018-04-04,16.43,16.44,16.21,16.21
2018-04-05,16.2,16.32,16.19,16.32
2018-04-06,16.3,16.33,16.28,16.33
2018-04-09,16.34,16.5,16.34,16.5
2018-04-10,16.41,16.57,16.41,16.57
2018-04-11,16.74,16.74,16.74,16.74
2018-04-12,16.61,16.61,16.44,16.44
2018-04-13,16.63,16.63,16.63,16.63
2018-04-16,16.66,16.66,16.66,16.66
2018-04-17,16.77,16.77,16.77,16.77
2018-04-18,16.83,17.23,16.83,17.23
2018-04-19,17.17,17.22,17.17,17.22
2018-04-20,17.17,17.17,17.1,17.15
2018-04-23,16.83,16.83,16.57,16.57
2018-04-24,16.66,16.69,16.66,16.69
2018-04-25,16.56,16.56,16.49,16.49
2018-04-26,16.49,16.49,16.49,16.49
2018-04-27,16.49,16.53,16.39,16.41
2018-04-30,16.48,16.49,16.14,16.31
2018-05-01,16.28,16.28,16.0,16.04
2018-05-02,16.19,16.45,16.19,16.29
2018-05-03,16.37,16.53,16.34,16.36
2018-05-04,16.41,16.44,16.33,16.43
2018-05-07,16.49,16.5,16.39,16.41
2018-05-08,16.42,16.44,16.25,16.39
2018-05-09,16.51,16.51,16.45,16.46
2018-05-10,16.46,16.68,16.45,16.68
2018-05-11,16.73,16.73,16.68,16.68
2018-05-14,16.65,16.65,16.55,16.57
2018-05-15,16.35,16.35,16.17,16.19
2018-05-16,16.3,16.3,16.3,16.3
2018-05-17,16.32,16.41,16.32,16.41
2018-05-18,16.38,16.41,16.38,16.39
2018-05-21,16.45,16.46,16.45,16.45
2018-05-22,16.54,16.54,16.51,16.51
2018-05-23,16.3,16.34,16.28,16.34
2018-05-24,16.62,16.62,16.62,16.62
2018-05-25,16.55,16.55,16.48,16.48
2018-05-29,16.31,16.31,16.31,16.31
2018-05-30,16.34,16.5,16.26,16.48
2018-05-31,16.5,16.5,16.4,16.4
2018-06-01,16.39,16.39,16.39,16.39
2018-06-04,16.38,16.38,16.38,16.38
2018-06-05,16.35,16.5,16.35,16.49
2018-06-06,16.47,16.64,16.45,16.64
2018-06-07,16.73,16.86,16.68,16.77
2018-06-08,16.74,16.76,16.69,16.69
2018-06-11,16.87,16.91,16.87,16.91
2018-06-12,16.85,16.85,16.85,16.85
2018-06-13,16.95,17.07,16.95,16.95
2018-06-14,17.12,17.28,17.11,17.23
2018-06-15,17.12,17.28,16.45,16.45
2018-06-18,16.41,16.41,16.41,16.41
2018-06-19,16.31,16.33,16.3,16.3
2018-06-20,16.29,16.29,16.29,16.29
2018-06-21,16.31,16.31,16.31,16.31
2018-06-22,16.31,16.44,16.3,16.44
2018-06-25,16.31,16.31,16.3,16.31
2018-06-26,16.24,16.24,16.24,16.24
2018-06-27,16.14,16.14,16.14,16.14
2018-06-28,16.03,16.09,15.88,15.95
2018-06-29,15.97,16.11,15.91,16.1
2018-07-02,16.06,16.06,15.73,15.74
2018-07-03,15.79,15.98,15.74,15.95
2018-07-05,16.01,16.05,15.9,16.01
2018-07-06,15.94,16.0,15.93,15.98
2018-07-09,16.17,16.17,16.05,16.05
2018-07-10,16.0,16.0,16.0,16.0
2018-07-11,15.73,15.73,15.73,15.73
2018-07-12,15.87,15.94,15.87,15.9
2018-07-13,15.9,15.9,15.71,15.74
2018-07-16,15.73,15.73,15.73,15.73
2018-07-17,15.71,15.71,15.51,15.55
2018-07-18,15.42,15.5,15.35,15.5
2018-07-19,15.21,15.34,15.14,15.34
2018-07-20,15.4,15.49,15.4,15.49
2018-07-23,15.51,15.51,15.35,15.37
2018-07-24,15.35,15.49,15.35,15.46
2018-07-25,15.44,15.53,15.44,15.53
2018-07-26,15.57,15.57,15.38,15.44
2018-07-27,15.35,15.49,15.35,15.44
2018-07-30,15.44,15.48,15.41,15.48
2018-07-31,15.56,15.56,15.5,15.5
2018-08-01,15.42,15.42,15.39,15.39
2018-08-02,15.38,15.38,15.26,15.33
2018-08-03,15.45,15.45,15.41,15.41
2018-08-06,15.29,15.29,15.29,15.29
2018-08-07,15.32,15.32,15.32,15.32
2018-08-08,15.38,15.39,15.38,15.38
2018-08-09,15.42,15.42,15.42,15.42
2018-08-10,15.43,15.43,15.27,15.27
2018-08-13,15.24,15.24,14.95,14.95
2018-08-14,15.02,15.02,15.02,15.02
2018-08-15,15.04,15.04,14.4,14.42
2018-08-16,14.66,14.71,14.64,14.7
2018-08-17,14.62,14.75,14.6,14.62
2018-08-20,14.7,14.7,14.63,14.65
2018-08-21,14.75,14.75,14.75,14.75
2018-08-22,14.7,14.73,14.7,14.73
2018-08-23,14.62,14.62,14.48,14.53
2018-08-24,14.47,14.82,14.47,14.78
2018-08-27,14.84,14.84,14.84,14.84
2018-08-28,14.82,14.82,14.77,14.77
2018-08-29,14.69,14.69,14.69,14.69
2018-08-30,14.69,14.71,14.43,14.48
2018-08-31,14.48,14.65,14.43,14.44
2018-09-04,14.4,14.4,13.96,14.06
2018-09-05,14.09,14.16,14.05,14.12
2018-09-06,14.13,14.23,14.05,14.07
2018-09-07,14.1,14.14,14.04,14.07
2018-09-10,14.04,14.15,14.04,14.08
2018-09-11,14.11,14.11,13.91,14.05
2018-09-12,14.06,14.19,14.01,14.19
2018-09-13,14.14,14.26,14.14,14.14
2018-09-14,14.11,14.18,14.03,14.04
2018-09-17,13.98,14.13,13.98,14.12
2018-09-18,14.11,14.11,14.06,14.08
2018-09-19,14.21,14.22,14.19,14.19
2018-09-20,14.19,14.24,14.19,14.22
2018-09-21,14.27,14.27,14.26,14.27
2018-09-24,14.25,14.32,14.2,14.25
2018-09-25,14.42,14.44,14.4,14.4
2018-09-26,14.33,14.33,14.31,14.31
2018-09-27,14.32,14.39,14.12,14.2
2018-09-28,14.18,14.62,14.18,14.62
2018-10-01,14.35,14.42,14.35,14.42
2018-10-02,14.42,14.74,14.42,14.61
2018-10-03,14.73,14.73,14.59,14.59
2018-10-04,14.51,14.51,14.51,14.51
2018-10-05,14.57,14.57,14.57,14.57
2018-10-08,14.22,14.26,14.22,14.26
2018-10-09,14.33,14.33,14.33,14.33
2018-10-10,14.26,14.26,14.26,14.26
2018-10-11,14.26,14.56,14.23,14.53
2018-10-12,14.56,14.56,14.56,14.56
2018-10-15,14.66,14.66,14.66,14.66
2018-10-16,14.63,14.63,14.63,14.63
2018-10-17,14.59,14.59,14.59,14.59
2018-10-18,14.53,14.53,14.53,14.53
2018-10-19,14.58,14.58,14.58,14.58
2018-10-22,14.52,14.52,14.52,14.52
2018-10-23,14.73,14.73,14.73,14.73
2018-10-24,14.66,14.66,14.61,14.61
2018-10-25,14.56,14.56,14.56,14.56
2018-10-26,14.64,14.64,14.64,14.64
2018-10-29,14.38,14.38,14.38,14.38
2018-10-30,14.46,14.46,14.34,14.4
2018-10-31,14.42,14.42,14.23,14.23
2018-11-01,14.73,14.73,14.73,14.73
2018-11-02,14.71,14.71,14.71,14.71
2018-11-05,14.6,14.6,14.6,14.6
2018-11-06,14.58,14.58,14.46,14.46
2018-11-07,14.54,14.65,14.53,14.53
2018-11-08,14.39,14.39,14.39,14.39
2018-11-09,14.1,14.1,14.1,14.1
2018-11-12,14.1,14.1,13.97,13.97
2018-11-13,14.0,14.02,13.94,13.95
2018-11-14,14.06,14.06,14.06,14.06
2018-11-15,14.24,14.24,14.24,14.24
2018-11-16,14.36,14.36,14.36,14.36
2018-11-19,14.38,14.38,14.38,14.38
2018-11-20,14.38,14.38,14.25,14.25
2018-11-21,14.34,14.48,14.33,14.48
2018-11-23,14.23,14.23,14.22,14.22
2018-11-26,14.18,14.18,14.18,14.18
2018-11-27,14.06,14.06,14.06,14.06
2018-11-28,14.3,14.3,14.3,14.3
2018-11-29,14.29,14.34,14.2,14.27
2018-11-30,14.27,14.28,13.98,14.09
2018-12-03,14.21,14.48,14.19,14.38
2018-12-04,14.39,14.52,14.39,14.52
2018-12-06,14.42,14.42,14.33,14.39
2018-12-07,14.4,14.57,14.4,14.57
2018-12-10,14.56,14.56,14.48,14.48
2018-12-11,14.5,14.69,14.5,14.5
2018-12-12,14.62,14.73,14.62,14.73
2018-12-13,14.73,14.73,14.73,14.73
2018-12-14,14.49,14.51,14.49,14.51
2018-12-17,14.56,14.64,14.56,14.64
2018-12-18,14.6,14.6,14.59,14.59
2018-12-19,14.7,14.7,14.7,14.7
2018-12-20,14.53,14.75,14.53,14.75
2018-12-21,14.58,14.58,14.58,14.58
2018-12-24,14.7,14.7,14.7,14.7
2018-12-26,14.98,15.05,14.98,15.0
2018-12-27,15.19,15.19,15.19,15.19
2018-12-28,15.19,15.33,15.19,15.33
2018-12-31,15.41,15.44,15.41,15.43
2019-01-02,15.52,15.57,15.42,15.54
2019-01-03,15.71,15.71,15.71,15.71
2019-01-04,15.69,15.69,15.62,15.69
2019-01-07,15.75,15.75,15.67,15.67
2019-01-08,15.63,15.63,15.63,15.63
2019-01-09,15.7,15.7,15.65,15.65
2019-01-10,15.56,15.56,15.56,15.56
2019-01-11,15.6,15.61,15.58,15.58
2019-01-14,15.59,15.61,15.59,15.61
2019-01-15,15.61,15.62,15.55,15.55
2019-01-16,15.53,15.6,15.53,15.56
2019-01-17,15.47,15.51,15.47,15.47
2019-01-18,15.33,15.33,15.29,15.33
2019-01-22,15.3,15.3,15.14,15.26
2019-01-23,15.31,15.32,15.28,15.32
2019-01-24,15.24,15.27,15.24,15.24
2019-01-25,15.25,15.64,15.25,15.64
2019-01-28,15.6,15.71,15.6,15.71
2019-01-29,15.79,15.79,15.79,15.79
2019-01-30,15.81,15.89,15.81,15.88
2019-01-31,16.06,16.14,16.0,16.02
2019-02-01,16.01,16.01,15.86,15.88
2019-02-04,15.84,15.84,15.84,15.84
2019-02-05,15.79,15.79,15.79,15.79
2019-02-06,15.71,15.71,15.66,15.66
2019-02-07,15.66,15.69,15.66,15.68
2019-02-08,15.82,15.82,15.77,15.77
2019-02-11,15.66,15.66,15.65,15.66
2019-02-12,15.66,15.66,15.66,15.66
2019-02-13,15.71,15.76,15.6,15.62
2019-02-14,15.5,15.5,15.5,15.5
2019-02-15,15.72,15.72,15.72,15.72
2019-02-19,15.95,15.95,15.95,15.95
2019-02-20,16.16,16.16,16.06,16.16
2019-02-21,15.97,15.97,15.79,15.79
2019-02-22,15.91,15.91,15.91,15.91
2019-02-25,15.94,15.94,15.82,15.82
2019-02-26,15.83,15.83,15.83,15.83
2019-02-27,15.89,15.92,15.65,15.67
2019-02-28,15.68,15.77,15.52,15.54
2019-03-01,15.56,15.57,15.08,15.17
2019-03-04,15.17,15.2,15.01,15.02
2019-03-05,15.02,15.07,15.01,15.02
2019-03-06,15.02,15.02,14.98,15.0
2019-03-07,15.02,15.02,14.92,14.96
2019-03-08,15.05,15.27,15.05,15.27
2019-03-11,15.22,15.22,15.2,15.2
2019-03-12,15.34,15.4,15.34,15.34
2019-03-13,15.38,15.42,15.37,15.38
2019-03-14,15.19,15.19,15.09,15.1
2019-03-15,15.24,15.26,15.22,15.25
2019-03-18,15.25,15.25,15.25,15.25
2019-03-19,15.31,15.31,15.3,15.3
2019-03-20,15.28,15.29,15.22,15.24
2019-03-21,15.52,15.52,15.37,15.37
2019-03-22,15.35,15.35,15.35,15.35
2019-03-25,15.52,15.52,15.5,15.51
2019-03-26,15.4,15.42,15.37,15.37
2019-03-27,15.24,15.24,15.24,15.24
2019-03-28,15.23,15.23,14.91,14.92
2019-03-29,14.93,15.06,14.93,15.06
2019-04-01,15.03,15.14,15.0,15.05
2019-04-02,14.94,15.02,14.94,15.02
2019-04-03,15.02,15.06,15.02,15.06
2019-04-04,15.04,15.04,15.04,15.04
2019-04-05,15.04,15.04,15.04,15.04
2019-04-08,15.17,15.17,15.17,15.17
2019-04-09,15.26,15.26,15.17,15.17
2019-04-10,15.17,15.2,15.1,15.2
2019-04-11,15.14,15.14,14.82,14.82
2019-04-12,14.92,14.92,14.92,14.92
2019-04-15,14.95,14.95,14.95,14.95
2019-04-16,14.89,14.89,14.89,14.89
2019-04-17,14.92,14.92,14.92,14.92
2019-04-18,14.89,14.94,14.89,14.94
2019-04-22,14.96,14.96,14.96,14.96
2019-04-23,14.77,14.77,14.77,14.77
2019-04-24,14.9,14.9,14.9,14.9
2019-04-25,14.89,14.89,14.86,14.86
2019-04-26,15.0,15.0,15.0,15.0
2019-04-29,15.03,15.03,14.82,14.84
2019-04-30,14.87,14.96,14.77,14.9
2019-05-01,14.89,14.89,14.57,14.65
2019-05-02,14.6,14.62,14.52,14.54
2019-05-03,14.56,14.91,14.56,14.91
2019-05-06,14.87,14.92,14.73,14.86
2019-05-07,14.85,14.86,14.77,14.86
2019-05-08,14.89,14.9,14.78,14.79
2019-05-09,14.7,14.72,14.7,14.71
2019-05-10,14.72,14.73,14.69,14.73
2019-05-13,14.72,14.72,14.59,14.71
2019-05-14,14.71,14.75,14.71,14.75
2019-05-15,14.76,14.77,14.75,14.75
2019-05-16,14.76,14.76,14.44,14.48
2019-05-17,14.48,14.58,14.35,14.35
2019-05-20,14.36,14.42,14.34,14.41
2019-05-21,14.4,14.4,14.32,14.37
2019-05-22,14.4,14.43,14.39,14.41
2019-05-23,14.55,14.58,14.54,14.58
2019-05-24,14.55,14.55,14.52,14.52
2019-05-28,14.3,14.31,14.24,14.28
2019-05-29,14.37,14.37,14.37,14.37
2019-05-30,14.35,14.48,14.31,14.46
2019-05-31,14.47,14.54,14.47,14.53
2019-06-03,14.72,14.72,14.7,14.7
2019-06-04,14.75,14.75,14.73,14.73
2019-06-05,15.0,15.0,14.75,14.75
2019-06-06,14.89,14.89,14.87,14.87
2019-06-07,15.0,15.12,14.99,14.99
2019-06-10,14.6,14.6,14.6,14.6
2019-06-11,14.71,14.71,14.71,14.71
2019-06-12,14.72,14.72,14.72,14.72
2019-06-13,14.87,14.87,14.87,14.87
2019-06-14,14.78,14.78,14.78,14.78
2019-06-17,14.81,14.81,14.81,14.81
2019-06-18,14.98,14.98,14.98,14.98
2019-06-19,14.94,14.94,14.94,14.94
2019-06-20,15.47,15.47,15.47,15.47
2019-06-21,15.3,15.31,15.26,15.27
2019-06-24,15.37,15.37,15.37,15.37
2019-06-25,15.29,15.29,15.29,15.29
2019-06-26,15.28,15.28,15.28,15.28
2019-06-27,15.27,15.27,15.12,15.2
2019-06-28,15.22,15.3,15.18,15.25
2019-07-01,15.17,15.24,15.07,15.11
2019-07-02,15.12,15.2,14.99,15.15
2019-07-03,15.42,15.42,15.24,15.25
2019-07-05,15.24,15.25,14.89,14.92
2019-07-08,14.97,15.06,14.93,14.97
2019-07-09,15.05,15.07,15.05,15.07
2019-07-10,15.06,15.15,15.0,15.15
2019-07-11,15.23,15.23,15.07,15.07
2019-07-12,15.07,15.19,15.06,15.16
2019-07-15,15.26,15.29,15.26,15.29
2019-07-16,15.3,15.65,15.3,15.6
2019-07-17,15.73,15.89,15.73,15.89
2019-07-18,15.98,16.12,15.98,16.12
2019-07-19,16.27,16.5,16.12,16.12
2019-07-22,16.3,16.34,16.29,16.34
2019-07-23,16.41,16.41,16.41,16.41
2019-07-24,16.3,16.55,16.3,16.55
2019-07-25,16.4,16.42,16.34,16.34
2019-07-26,16.42,16.42,16.33,16.33
2019-07-29,16.37,16.37,16.37,16.37
2019-07-30,16.37,16.55,16.37,16.5
2019-07-31,16.51,16.51,16.22,16.35
2019-08-01,16.1,16.3,15.9,16.12
2019-08-02,16.14,16.22,16.06,16.22
2019-08-05,16.15,16.43,16.12,16.34
2019-08-06,16.41,16.41,16.41,16.41
2019-08-07,17.16,17.16,17.16,17.16
2019-08-08,16.9,16.9,16.9,16.9
2019-08-09,16.9,16.9,16.9,16.9
2019-08-12,16.88,17.04,16.86,17.04
2019-08-13,17.31,17.32,16.96,16.96
2019-08-14,17.25,17.25,17.25,17.25
2019-08-15,17.19,17.19,17.19,17.19
2019-08-16,17.1,17.1,17.1,17.1
2019-08-19,16.91,16.91,16.91,16.91
2019-08-20,17.07,17.12,17.07,17.12
2019-08-21,17.12,17.12,17.12,17.12
2019-08-22,17.01,17.01,17.01,17.01
2019-08-23,17.4,17.4,17.4,17.4
2019-08-26,17.54,17.62,17.54,17.62
2019-08-27,18.14,18.14,18.14,18.14
2019-08-28,18.24,18.3,18.24,18.3
2019-08-29,18.3,18.61,17.99,18.17
2019-08-30,18.19,18.41,18.02,18.18
2019-09-03,18.45,19.23,18.25,19.08
2019-09-04,19.22,19.54,19.22,19.39
2019-09-05,19.49,19.49,18.42,18.66
2019-09-06,18.63,18.68,17.97,17.97
2019-09-09,18.2,18.2,17.95,18.02
2019-09-10,17.77,18.08,17.77,18.04
2019-09-11,18.07,18.07,18.03,18.03
2019-09-12,18.07,18.17,18.03,18.04
2019-09-13,18.0,18.0,17.41,17.44
2019-09-16,17.78,17.9,17.78,17.9
2019-09-17,18.02,18.02,18.02,18.02
2019-09-18,17.8,17.8,17.8,17.8
2019-09-19,17.82,17.82,17.73,17.77
2019-09-20,17.75,17.95,17.74,17.74
2019-09-23,18.22,18.6,18.21,18.6
2019-09-24,18.52,18.52,18.52,18.52
2019-09-25,18.57,18.57,17.96,17.96
2019-09-26,17.91,17.91,17.8,17.8
2019-09-27,17.82,17.83,17.33,17.55
2019-09-30,17.5,17.5,16.9,16.9
2019-10-01,16.92,17.26,16.92,17.2
2019-10-02,17.17,17.59,17.16,17.59
2019-10-03,17.5,17.64,17.45,17.58
2019-10-04,17.44,17.54,17.32,17.54
2019-10-07,17.45,17.53,17.45,17.46
2019-10-08,17.64,17.64,17.62,17.62
2019-10-09,17.73,17.75,17.72,17.73
2019-10-10,17.6,17.6,17.49,17.52
2019-10-11,17.59,17.59,17.35,17.46
2019-10-14,17.52,17.63,17.52,17.63
2019-10-15,17.45,17.45,17.31,17.31
2019-10-16,17.22,17.35,17.17,17.35
2019-10-17,17.3,17.54,17.3,17.54
2019-10-18,17.47,17.5,17.47,17.5
2019-10-21,17.51,17.53,17.5,17.53
2019-10-22,17.49,17.49,17.44,17.44
2019-10-23,17.49,17.56,17.49,17.52
2019-10-24,17.74,17.74,17.74,17.74
2019-10-25,17.86,17.94,17.86,17.86
2019-10-28,17.89,17.89,17.77,17.82
2019-10-29,17.77,17.77,17.77,17.77
2019-10-30,17.79,17.82,17.72,17.82
2019-10-31,18.01,18.01,18.01,18.01
2019-11-01,18.03,18.03,18.0,18.0
2019-11-04,18.01,18.01,18.01,18.01
2019-11-05,18.02,18.02,17.52,17.52
2019-11-06,17.52,17.56,17.37,17.56
2019-11-07,17.54,17.57,16.97,16.97
2019-11-08,16.84,16.88,16.76,16.78
2019-11-11,16.67,16.76,16.67,16.76
2019-11-12,16.8,16.81,16.67,16.68
2019-11-13,16.76,16.9,16.76,16.9
2019-11-14,16.87,17.01,16.87,17.01
2019-11-15,16.96,16.97,16.8,16.93
2019-11-18,16.99,16.99,16.99,16.99
2019-11-19,17.1,17.1,17.1,17.1
2019-11-20,17.1,17.1,17.1,17.1
2019-11-21,17.05,17.05,17.05,17.05
2019-11-22,16.99,16.99,16.99,16.99
2019-11-25,16.87,16.87,16.87,16.87
2019-11-26,17.03,17.03,17.03,17.03
2019-11-27,17.06,17.07,16.88,16.91
2019-11-29,16.9,16.99,16.8,16.97
2019-12-02,16.92,16.92,16.78,16.84
2019-12-03,16.86,17.16,16.81,17.12
2019-12-04,17.11,17.24,16.75,16.8
2019-12-05,16.84,16.94,16.78,16.94
2019-12-06,16.82,16.83,16.47,16.48
2019-12-09,16.48,16.56,16.47,16.53
2019-12-10,16.56,16.61,16.56,16.6
2019-12-11,16.55,16.83,16.55,16.74
2019-12-12,16.83,17.01,16.74,16.84
2019-12-13,16.88,16.91,16.83,16.91
2019-12-16,16.98,17.02,16.94,17.02
2019-12-17,17.0,17.0,16.98,16.98
2019-12-18,16.99,17.0,16.84,16.95
2019-12-19,16.99,17.08,16.98,17.06
2019-12-20,17.18,17.18,17.13,17.13
2019-12-23,17.35,17.41,17.35,17.4
2019-12-24,17.52,17.76,17.51,17.76
2019-12-26,17.91,17.99,17.88,17.89
2019-12-27,17.93,17.93,17.85,17.85
2019-12-30,17.9,17.91,17.85,17.91
2019-12-31,18.07,18.07,17.8,17.83
2020-01-02,17.97,17.99,17.97,17.97
2020-01-03,18.11,18.11,17.97,18.07
2020-01-06,18.02,18.1,18.02,18.1
2020-01-07,18.01,18.34,18.01,18.32
2020-01-08,18.4,18.5,18.07,18.09
2020-01-09,17.76,17.86,17.76,17.86
2020-01-10,18.03,18.03,18.03,18.03
2020-01-13,17.97,18.02,17.93,17.93
2020-01-14,17.85,17.88,17.67,17.67
2020-01-15,17.92,17.92,17.92,17.92
2020-01-16,17.95,17.95,17.88,17.88
2020-01-17,18.01,18.01,18.01,18.01
2020-01-21,17.75,17.75,17.75,17.75
2020-01-22,17.77,17.77,17.77,17.77
2020-01-23,17.73,17.77,17.73,17.77
2020-01-24,17.87,18.06,17.87,18.06
2020-01-27,18.0,18.0,18.0,18.0
2020-01-28,17.6,17.6,17.4,17.4
2020-01-29,17.45,17.45,17.37,17.43
2020-01-30,17.54,17.97,17.54,17.95
2020-01-31,17.97,17.97,17.97,17.97
2020-02-03,17.8,17.8,17.6,17.64
2020-02-04,17.53,17.53,17.53,17.53
2020-02-05,17.57,17.57,17.57,17.57
2020-02-06,17.79,17.79,17.79,17.79
2020-02-07,17.67,17.67,17.67,17.67
2020-02-10,17.78,17.78,17.76,17.76
2020-02-11,17.69,17.72,17.57,17.57
2020-02-12,17.48,17.48,17.48,17.48
2020-02-13,17.6,17.6,17.6,17.6
2020-02-14,17.72,17.72,17.72,17.72
2020-02-18,18.13,18.13,18.13,18.13
2020-02-19,18.15,18.29,18.15,18.29
2020-02-20,18.31,18.31,18.31,18.31
2020-02-21,18.57,18.57,18.48,18.52
2020-02-24,18.69,18.87,18.69,18.87
2020-02-25,18.18,18.18,18.18,18.18
2020-02-26,17.83,17.83,17.83,17.83
2020-02-27,17.86,18.08,17.58,17.66
2020-02-28,17.69,17.8,16.34,16.39
2020-03-02,16.5,16.98,16.39,16.68
2020-03-03,16.88,17.32,16.74,17.13
2020-03-04,17.19,17.25,17.05,17.19
2020-03-05,17.16,17.41,17.12,17.34
2020-03-06,17.46,17.49,17.0,17.21
2020-03-09,17.43,17.43,16.57,17.0
2020-03-10,16.85,17.15,16.76,16.91
2020-03-11,16.85,16.86,16.64,16.73
2020-03-12,16.43,16.61,15.6,15.96
2020-03-13,15.76,15.77,14.43,14.46
2020-03-16,14.89,14.89,11.85,12.77
2020-03-17,12.55,12.71,12.41,12.47
2020-03-18,12.56,12.82,11.73,11.73
2020-03-19,12.07,12.2,11.9,12.1
2020-03-20,12.08,12.86,12.08,12.35
2020-03-23,12.9,13.23,12.9,13.23
2020-03-24,13.36,14.23,13.36,14.23
2020-03-25,14.72,14.84,14.45,14.84
2020-03-26,14.83,14.85,14.64,14.64
2020-03-27,14.34,14.5,14.34,14.5
2020-03-30,14.1,14.25,13.9,14.07
2020-03-31,13.98,14.24,13.98,14.1
2020-04-01,14.08,14.1,13.9,13.93
2020-04-02,14.18,14.6,14.15,14.6
2020-04-03,14.59,14.59,14.44,14.44
2020-04-06,14.55,15.11,14.55,15.11
2020-04-07,15.47,15.6,15.42,15.42
2020-04-08,15.16,15.16,15.15,15.15
2020-04-09,15.14,15.99,15.14,15.99
2020-04-13,15.48,15.48,15.48,15.48
2020-04-14,16.01,16.07,16.01,16.07
2020-04-15,16.0,16.0,15.45,15.45
2020-04-16,15.56,15.56,15.56,15.56
2020-04-17,15.24,15.24,15.24,15.24
2020-04-20,15.56,15.56,15.56,15.56
2020-04-21,15.43,15.43,14.82,14.82
2020-04-22,15.28,15.28,15.28,15.28
2020-04-23,15.43,15.66,15.35,15.35
2020-04-24,15.25,15.25,15.25,15.25
2020-04-27,15.2,15.2,15.2,15.2
2020-04-28,15.01,15.16,14.99,15.16
2020-04-29,15.22,15.47,15.12,15.16
2020-04-30,15.4,15.77,14.8,14.9
2020-05-01,15.01,15.05,14.85,14.86
2020-05-04,15.02,15.09,14.69,14.72
2020-05-05,14.78,15.11,14.71,15.06
2020-05-06,15.0,15.3,14.88,14.99
2020-05-07,15.12,15.59,15.12,15.56
2020-05-08,15.56,15.8,15.5,15.74
2020-05-11,15.59,15.64,15.59,15.64
2020-05-12,15.69,15.69,15.69,15.69
2020-05-13,15.73,15.73,15.66,15.66
2020-05-14,16.0,16.14,16.0,16.14
2020-05-15,16.54,17.05,16.5,17.05
2020-05-18,17.22,17.58,17.22,17.46
2020-05-19,17.7,17.89,17.7,17.89
2020-05-20,18.02,18.04,17.93,18.0
2020-05-21,17.43,17.43,17.33,17.33
2020-05-22,17.39,17.69,17.39,17.66
2020-05-26,17.89,17.89,17.56,17.57
2020-05-27,17.69,17.69,17.69,17.69
2020-05-28,17.78,17.92,17.78,17.9
2020-05-29,17.86,18.44,17.86,18.44
2020-06-01,18.78,18.82,18.57,18.77
2020-06-02,18.21,18.35,18.21,18.21
2020-06-03,17.69,17.92,17.65,17.92
2020-06-04,17.85,18.02,17.85,18.02
2020-06-05,17.5,17.5,17.44,17.44
2020-06-08,17.78,17.89,17.78,17.87
2020-06-09,17.83,17.83,17.72,17.77
2020-06-10,17.78,17.78,17.78,17.78
2020-06-11,18.08,18.08,17.83,17.87
2020-06-12,17.75,17.75,17.46,17.46
2020-06-15,17.38,17.5,17.38,17.38
2020-06-16,17.55,17.75,17.48,17.63
2020-06-17,17.52,17.76,17.52,17.76
2020-06-18,17.49,17.5,17.49,17.49
2020-06-19,17.83,17.83,17.83,17.83
2020-06-22,17.89,17.89,17.89,17.89
2020-06-23,18.0,18.05,18.0,18.05
2020-06-24,17.79,17.82,17.66,17.66
2020-06-25,17.76,17.88,17.75,17.88
2020-06-26,18.02,18.02,18.02,18.02
2020-06-29,17.97,18.15,17.83,17.98
2020-06-30,18.02,18.54,17.94,18.54
2020-07-01,18.49,18.7,18.08,18.13
2020-07-02,18.22,18.24,17.94,18.24
2020-07-06,18.23,18.65,18.21,18.5
2020-07-07,18.22,18.63,18.22,18.63
2020-07-08,18.66,19.13,18.66,19.08
2020-07-09,19.09,19.36,18.83,18.88
2020-07-10,19.03,19.03,18.98,18.98
2020-07-13,19.16,19.71,19.16,19.71
2020-07-14,19.37,19.47,19.25,19.45
2020-07-15,19.6,19.72,19.49,19.68
2020-07-16,19.79,19.8,19.5,19.5
2020-07-17,19.35,19.71,19.35,19.68
2020-07-20,20.2,20.27,20.12,20.12
2020-07-21,20.28,21.57,20.27,21.5
2020-07-22,22.65,23.31,21.9,23.08
2020-07-23,23.07,23.33,22.67,22.94
2020-07-24,23.07,23.07,22.81,22.81
2020-07-27,24.33,24.71,24.19,24.48
2020-07-28,26.02,26.02,23.94,24.27
2020-07-29,24.21,24.29,24.21,24.29
2020-07-30,24.26,24.26,23.11,23.34
2020-07-31,23.59,24.39,23.57,24.19
2020-08-03,24.39,24.39,24.39,24.39
2020-08-04,25.9,26.22,25.77,26.01
2020-08-05,26.02,27.06,26.02,26.88
2020-08-06,27.68,28.85,27.53,28.39
2020-08-07,29.53,29.53,27.52,27.53
2020-08-10,28.2,29.25,28.11,29.25
2020-08-11,28.96,28.96,24.5,26.04
2020-08-12,25.25,25.95,25.25,25.95
2020-08-13,26.39,27.69,26.38,27.69
2020-08-14,27.23,27.68,25.91,26.07
2020-08-17,26.74,27.64,26.57,27.64
2020-08-18,27.3,28.26,27.3,28.05
2020-08-19,27.47,27.82,27.32,27.32
2020-08-20,27.12,27.12,27.12,27.12
2020-08-21,27.48,27.48,26.71,26.71
2020-08-24,26.78,26.78,26.59,26.59
2020-08-25,26.78,26.78,26.25,26.25
2020-08-26,27.0,27.43,26.95,27.43
2020-08-27,26.81,27.17,26.81,27.01
2020-08-28,27.12,27.82,26.89,27.61
2020-08-31,27.73,28.49,27.72,28.44
2020-09-01,28.35,29.05,27.86,28.49
2020-09-02,28.17,28.27,27.23,27.25
2020-09-03,27.56,27.56,26.49,26.74
2020-09-04,26.8,26.95,26.4,26.58
2020-09-08,26.92,27.07,26.0,26.86
2020-09-09,26.58,27.15,26.58,26.95
2020-09-10,27.16,27.16,27.16,27.16
2020-09-11,27.09,27.09,26.74,26.74
2020-09-14,26.91,27.35,26.91,27.23
2020-09-15,27.52,27.55,27.17,27.35
2020-09-16,27.32,27.49,27.1,27.35
2020-09-17,27.24,27.24,26.52,26.99
2020-09-18,27.28,27.31,27.03,27.03
2020-09-21,26.33,26.33,24.08,24.3
2020-09-22,24.46,24.57,24.16,24.44
2020-09-23,24.0,24.0,23.0,23.01
2020-09-24,22.0,23.25,21.96,23.12
2020-09-25,22.75,23.02,22.73,23.02
2020-09-28,22.74,23.53,22.69,23.53
2020-09-29,23.75,24.44,23.65,24.38
2020-09-30,24.36,24.36,23.35,23.43
2020-10-01,23.4,24.19,23.4,24.19
2020-10-02,23.74,24.15,23.58,23.97
2020-10-05,23.83,24.55,23.78,24.5
2020-10-06,24.47,24.47,23.87,23.87
2020-10-07,23.5,23.91,23.45,23.85
2020-10-08,24.07,24.17,23.84,23.84
2020-10-09,24.32,25.24,24.32,25.07
2020-10-12,25.28,25.46,25.23,25.23
2020-10-13,25.09,25.11,24.09,24.09
2020-10-14,24.36,24.36,24.36,24.36
2020-10-15,24.19,24.19,24.19,24.19
2020-10-16,24.23,24.37,24.23,24.37
2020-10-19,24.75,24.82,24.66,24.66
2020-10-20,24.94,24.94,24.94,24.94
2020-10-21,24.79,25.3,24.79,25.2
2020-10-22,24.67,24.67,24.67,24.67
2020-10-23,24.63,24.63,24.63,24.63
2020-10-26,24.38,24.38,24.38,24.38
2020-10-27,24.37,24.53,24.32,24.53
2020-10-28,23.32,23.32,23.32,23.32
2020-10-29,23.05,23.34,22.96,23.34
2020-10-30,23.62,23.62,23.62,23.62
2020-11-02,24.01,24.2,24.01,24.01
2020-11-03,24.31,24.31,24.16,24.31
2020-11-04,23.68,24.0,23.68,23.86
2020-11-05,24.8,25.17,24.8,25.17
2020-11-06,25.23,25.91,25.2,25.65
2020-11-09,23.68,23.68,23.68,23.68
2020-11-10,24.22,24.45,24.21,24.45
2020-11-11,23.94,24.25,23.94,24.25
2020-11-12,24.29,24.29,24.29,24.29
2020-11-13,24.76,24.76,24.76,24.76
2020-11-16,24.79,24.79,24.79,24.79
2020-11-17,24.76,24.76,24.64,24.64
2020-11-18,24.43,24.43,24.43,24.43
2020-11-19,24.03,24.03,24.03,24.03
2020-11-20,24.35,24.35,24.35,24.35
2020-11-23,23.62,23.62,23.62,23.62
2020-11-24,23.33,23.33,23.29,23.29
2020-11-25,23.36,23.36,23.36,23.36
2020-11-27,23.38,23.5,22.33,22.55
2020-11-30,22.74,22.74,22.0,22.53
2020-12-01,22.67,24.09,22.65,24.03
2020-12-02,23.92,24.38,23.64,24.02
2020-12-03,24.1,24.34,24.0,24.09
2020-12-04,24.12,24.5,24.08,24.2
2020-12-07,24.24,24.85,23.72,24.74
2020-12-08,24.75,24.76,24.63,24.68
2020-12-09,24.66,24.66,23.78,23.93
2020-12-10,23.94,24.31,23.94,24.03
2020-12-11,23.99,24.05,23.95,24.03
2020-12-14,24.16,24.16,23.99,23.99
2020-12-15,24.08,24.58,24.08,24.58
2020-12-16,25.15,25.5,24.82,24.99
2020-12-17,25.45,26.18,25.45,26.1
2020-12-18,26.12,26.12,25.95,25.95
2020-12-21,26.0,26.99,25.41,26.28
2020-12-22,26.48,26.67,25.27,25.43
2020-12-23,25.56,25.82,25.56,25.82
2020-12-24,25.81,25.81,25.81,25.81
2020-12-28,26.8,26.82,26.45,26.46
2020-12-29,26.25,26.25,26.14,26.14
2020-12-30,26.32,26.52,26.26,26.49
2020-12-31,26.53,26.54,26.33,26.33
2021-01-04,27.28,27.28,27.28,27.28
2021-01-05,27.57,27.57,27.57,27.57
2021-01-06,27.42,27.42,26.97,26.97
2021-01-07,27.2,27.2,27.2,27.2
2021-01-08,24.58,25.33,24.58,24.58
2021-01-11,25.52,25.52,24.73,25.24
2021-01-12,25.14,25.39,25.1,25.38
2021-01-13,25.55,25.55,25.5,25.52
2021-01-14,25.75,25.75,25.75,25.75
2021-01-15,25.43,25.47,24.83,24.83
2021-01-19,24.92,25.28,24.92,25.28
2021-01-20,25.42,25.73,25.42,25.73
2021-01-21,25.82,25.82,25.82,25.82
2021-01-22,25.52,25.54,25.52,25.52
2021-01-25,25.45,25.45,25.45,25.45
2021-01-26,25.53,25.53,25.53,25.53
2021-01-27,25.38,25.38,25.38,25.38
2021-01-28,25.08,27.01,24.93,25.91
2021-01-29,26.64,27.58,26.37,26.9
2021-02-01,28.36,30.16,28.3,29.4
2021-02-02,28.65,28.93,26.38,26.38
2021-02-03,26.94,27.02,26.86,26.88
2021-02-04,26.67,26.67,26.0,26.22
2021-02-05,26.43,27.01,26.43,27.01
2021-02-08,27.28,27.57,27.28,27.57
2021-02-09,27.42,27.44,27.29,27.4
2021-02-10,27.1,27.1,27.07,27.07
2021-02-11,27.17,27.17,26.91,27.04
2021-02-12,27.32,27.32,27.32,27.32
2021-02-16,27.51,27.51,27.06,27.32
2021-02-17,27.31,27.31,27.31,27.31
2021-02-18,27.12,27.12,27.08,27.08
2021-02-19,27.5,27.55,27.25,27.25
2021-02-22,28.08,28.1,28.08,28.08
2021-02-23,27.69,27.69,27.69,27.69
2021-02-24,27.86,27.86,27.86,27.86
2021-02-25,28.03,28.26,27.3,27.64
2021-02-26,27.45,27.56,26.18,26.4
2021-03-01,26.69,26.99,26.49,26.65
2021-03-02,26.39,26.85,25.86,26.85
2021-03-03,26.81,26.81,25.93,26.36
2021-03-04,26.12,26.33,25.21,25.43
2021-03-05,25.34,25.37,24.91,25.26
2021-03-08,25.52,25.71,25.0,25.24
2021-03-09,25.23,26.15,25.23,26.15
2021-03-10,26.01,26.28,25.78,26.1
2021-03-11,26.15,26.41,26.04,26.16
2021-03-12,26.15,26.2,25.46,25.88
2021-03-15,26.2,26.33,25.92,26.25
2021-03-16,26.13,26.15,25.92,25.97
2021-03-17,25.81,26.53,25.8,26.03
2021-03-18,26.43,26.43,25.9,26.32
2021-03-19,26.06,26.29,26.06,26.29
2021-03-22,25.95,25.95,25.54,25.74
2021-03-23,25.61,25.69,25.09,25.2
2021-03-24,25.25,25.34,25.19,25.2
2021-03-25,25.15,25.15,24.5,25.02
2021-03-26,25.18,25.18,25.04,25.09
2021-03-29,24.85,24.91,24.51,24.75
2021-03-30,24.7,24.7,23.97,24.12
2021-03-31,24.32,24.52,24.32,24.52
2021-04-01,24.35,24.93,24.35,24.93
2021-04-05,24.93,24.93,24.76,24.76
2021-04-06,25.05,25.22,25.05,25.21
2021-04-07,25.07,25.25,25.07,25.23
2021-04-08,25.57,25.57,25.57,25.57
2021-04-09,25.31,25.31,25.31,25.31
2021-04-12,25.15,25.17,24.81,24.85
2021-04-13,25.42,25.42,25.42,25.42
2021-04-14,25.51,25.51,25.51,25.51
2021-04-15,25.96,25.96,25.96,25.96
2021-04-16,26.1,26.1,26.1,26.1
2021-04-19,26.2,26.2,25.83,25.83
2021-04-20,25.85,25.85,25.83,25.83
2021-04-21,26.52,26.57,26.52,26.57
2021-04-22,26.34,26.34,26.17,26.17
2021-04-23,26.24,26.24,26.02,26.08
2021-04-26,26.06,26.25,26.06,26.21
2021-04-27,26.41,26.41,26.41,26.41
2021-04-28,26.08,26.08,26.08,26.08
2021-04-29,26.28,26.55,25.74,26.05
2021-04-30,26.16,26.22,25.84,25.85
2021-05-03,25.88,27.08,25.88,26.94
2021-05-04,27.03,27.04,26.25,26.54
2021-05-05,26.56,26.57,26.27,26.5
2021-05-06,26.56,27.56,26.56,27.46
2021-05-07,27.64,27.64,27.33,27.46
2021-05-10,27.71,27.92,27.37,27.48
2021-05-11,27.28,27.68,27.28,27.66
2021-05-12,27.46,27.64,27.23,27.23
2021-05-13,27.12,27.15,26.85,27.04
2021-05-14,27.03,27.5,27.03,27.35
2021-05-17,28.26,28.33,28.26,28.26
2021-05-18,28.63,28.68,28.31,28.31
2021-05-19,27.81,28.01,27.62,28.01
2021-05-20,27.92,28.05,27.72,28.05
2021-05-21,28.08,28.12,27.39,27.47
2021-05-24,27.89,27.9,27.74,27.89
2021-05-25,27.75,28.04,27.67,28.04
2021-05-26,27.85,27.85,27.85,27.85
2021-05-27,27.75,27.92,27.69,27.92
2021-05-28,27.75,27.99,27.54,27.99
2021-06-01,28.0,28.58,28.0,28.08
2021-06-02,27.93,28.19,27.78,28.19
2021-06-03,27.19,27.46,27.19,27.46
2021-06-04,27.88,27.88,27.88,27.88
2021-06-07,27.61,28.0,27.61,28.0
2021-06-08,28.01,28.01,27.7,27.72
2021-06-09,27.69,27.99,27.69,27.99
2021-06-10,27.9,28.02,27.71,28.01
2021-06-11,28.11,28.36,28.11,28.13
2021-06-14,27.9,28.1,27.83,28.02
2021-06-15,27.99,27.99,27.57,27.68
2021-06-16,27.8,27.8,27.8,27.8
2021-06-17,25.84,25.84,25.84,25.84
2021-06-18,26.42,26.43,25.96,25.96
2021-06-21,26.01,26.01,26.01,26.01
2021-06-22,25.85,25.85,25.85,25.85
2021-06-23,26.11,26.11,26.11,26.11
2021-06-24,26.05,26.05,26.05,26.05
2021-06-25,26.17,26.17,26.08,26.08
2021-06-28,26.22,26.22,26.22,26.22
2021-06-29,26.2,26.21,25.56,25.87
2021-06-30,25.84,26.23,25.84,26.17
2021-07-01,26.22,26.42,26.05,26.08
2021-07-02,26.11,26.67,26.1,26.48
2021-07-06,26.73,26.87,26.15,26.15
2021-07-07,26.2,26.5,26.07,26.11
2021-07-08,26.16,26.29,25.89,25.97
2021-07-09,25.97,26.22,25.83,26.21
2021-07-12,26.18,26.3,26.06,26.22
2021-07-13,26.2,26.2,26.1,26.11
2021-07-14,26.1,26.44,26.1,26.25
2021-07-15,26.42,26.44,26.26,26.38
2021-07-16,26.43,26.43,25.65,25.78
2021-07-19,25.61,25.61,25.05,25.13
2021-07-20,25.19,25.19,24.85,24.98
2021-07-21,25.16,25.24,24.95,25.24
2021-07-22,25.25,25.36,25.24,25.36
2021-07-23,25.43,25.43,25.13,25.22
2021-07-26,25.3,25.3,25.3,25.3
2021-07-27,25.2,25.26,24.63,24.63
2021-07-28,24.74,24.86,24.73,24.86
2021-07-29,25.04,25.85,25.04,25.76
2021-07-30,25.55,25.67,25.5,25.53
2021-08-02,25.45,25.56,25.45,25.56
2021-08-03,25.39,25.57,25.28,25.57
2021-08-04,25.61,25.97,25.45,25.45
2021-08-05,25.52,25.52,25.28,25.28
2021-08-06,24.49,24.49,24.25,24.31
2021-08-09,23.25,23.25,23.25,23.25
2021-08-10,23.49,23.49,23.38,23.38
2021-08-11,23.47,23.47,23.47,23.47
2021-08-12,23.1,23.1,23.1,23.1
2021-08-13,23.35,23.8,23.35,23.77
2021-08-16,23.78,23.78,23.78,23.78
2021-08-17,23.65,23.65,23.65,23.65
2021-08-18,23.28,23.45,23.28,23.41
2021-08-19,23.22,23.22,23.22,23.22
2021-08-20,23.1,23.1,23.1,23.1
2021-08-23,23.15,23.65,23.14,23.65
2021-08-24,23.89,23.89,23.89,23.89
2021-08-25,23.83,23.83,23.77,23.77
2021-08-26,23.55,23.56,23.55,23.55
2021-08-27,23.73,24.06,23.72,24.06
2021-08-30,24.05,24.22,23.91,23.96
2021-08-31,24.06,24.19,23.82,23.96
2021-09-01,23.85,24.25,23.79,24.18
2021-09-02,24.16,24.18,23.77,23.88
2021-09-03,23.91,24.81,23.91,24.76
2021-09-07,24.81,24.81,24.18,24.33
2021-09-08,24.35,24.4,23.94,24.01
2021-09-09,23.95,24.24,23.84,24.13
2021-09-10,24.14,24.14,23.85,23.85
2021-09-13,23.69,23.75,23.33,23.75
2021-09-14,23.66,23.85,23.64,23.84
2021-09-15,23.8,23.8,23.76,23.76
2021-09-16,23.51,23.51,22.61,22.75
2021-09-17,22.89,22.91,22.3,22.3
2021-09-20,22.38,22.38,22.14,22.16
2021-09-21,22.52,22.57,22.47,22.57
2021-09-22,22.8,23.05,22.8,22.87
2021-09-23,22.65,22.65,22.64,22.64
2021-09-24,22.58,22.58,22.09,22.39
2021-09-27,22.6,23.74,22.6,22.66
2021-09-28,22.17,22.46,22.17,22.43
2021-09-29,22.43,22.51,21.46,21.46
2021-09-30,22.03,22.03,22.02,22.02
2021-10-01,22.51,22.51,22.51,22.51
2021-10-04,22.62,22.62,22.62,22.62
2021-10-05,22.58,22.58,22.58,22.58
2021-10-06,22.48,22.51,22.38,22.51
2021-10-07,22.63,22.63,22.63,22.63
2021-10-08,22.57,23.0,22.57,22.68
2021-10-11,22.64,22.64,22.64,22.64
2021-10-12,22.57,22.58,22.49,22.49
2021-10-13,23.15,23.15,23.15,23.15
2021-10-14,23.46,23.46,23.46,23.46
2021-10-15,23.33,23.33,23.33,23.33
2021-10-18,23.28,23.28,23.22,23.24
2021-10-19,24.07,24.07,23.86,23.86
2021-10-20,24.42,24.42,24.42,24.42
2021-10-21,24.48,24.48,24.14,24.15
2021-10-22,24.43,24.43,24.37,24.43
2021-10-25,24.58,24.58,24.57,24.57
2021-10-26,24.09,24.09,24.09,24.09
2021-10-27,24.16,24.19,24.16,24.19
2021-10-28,24.21,24.25,24.12,24.12
2021-10-29,23.8,23.94,23.8,23.94
2021-11-01,24.0,24.1,24.0,24.06
2021-11-02,23.5,23.5,23.5,23.5
2021-11-03,23.57,23.58,23.23,23.23
2021-11-04,23.69,23.91,23.69,23.91
2021-11-05,23.84,24.24,23.83,24.15
2021-11-08,24.27,24.56,24.27,24.54
2021-11-09,24.31,24.31,24.31,24.31
2021-11-10,24.77,24.77,24.77,24.77
2021-11-11,25.3,25.3,25.3,25.3
2021-11-12,25.34,25.41,24.92,25.34
2021-11-15,25.24,25.28,25.07,25.11
2021-11-16,25.0,25.0,24.88,24.94
2021-11-17,24.88,25.21,24.88,25.17
2021-11-18,25.16,25.21,24.82,24.9
2021-11-19,24.87,24.88,24.78,24.78
2021-11-22,24.54,24.54,24.19,24.3
2021-11-23,23.4,23.6,23.4,23.43
2021-11-24,23.5,23.5,23.5,23.5
2021-11-26,23.11,23.11,23.11,23.11
2021-11-29,23.14,23.42,22.73,22.8
2021-11-30,22.89,23.26,22.7,22.76
2021-12-01,22.77,23.0,22.16,22.3
2021-12-02,22.3,22.4,22.24,22.28
2021-12-03,22.41,22.47,22.04,22.44
2021-12-06,22.49,22.49,22.1,22.23
2021-12-07,22.39,22.56,22.38,22.49
2021-12-08,22.43,22.44,22.31,22.39
2021-12-09,22.28,22.28,21.89,21.97
2021-12-10,21.89,22.17,21.8,22.16
2021-12-13,22.25,22.29,22.13,22.29
2021-12-14,22.25,22.25,21.66,21.89
2021-12-15,21.5,21.64,21.5,21.51
2021-12-16,22.14,22.45,22.12,22.45
2021-12-17,22.45,22.51,22.45,22.51
2021-12-20,22.3,22.37,22.27,22.27
2021-12-21,22.23,22.74,22.23,22.5
2021-12-22,22.47,22.79,22.47,22.79
2021-12-23,22.81,22.93,22.72,22.93
2021-12-27,22.68,22.98,22.68,22.98
2021-12-28,23.06,23.3,23.06,23.11
2021-12-29,23.0,23.0,22.64,22.85
2021-12-30,22.77,23.08,22.62,23.03
2021-12-31,23.23,23.33,23.2,23.33
2022-01-03,23.31,23.31,22.79,22.79
2022-01-04,22.95,23.04,22.95,23.04
2022-01-05,23.14,23.15,22.78,23.15
2022-01-06,22.76,22.8,22.05,22.17
2022-01-07,22.39,22.39,22.39,22.39
2022-01-10,22.35,22.49,22.35,22.45
2022-01-11,22.59,22.81,22.59,22.81
2022-01-12,23.2,23.2,23.2,23.2
2022-01-13,23.16,23.16,23.16,23.16
2022-01-14,22.91,23.0,22.9,22.91
2022-01-18,23.4,23.49,23.4,23.49
2022-01-19,24.23,24.23,24.23,24.23
2022-01-20,24.71,24.71,24.71,24.71
2022-01-21,24.31,24.31,24.31,24.31
2022-01-24,23.8,23.8,23.8,23.8
2022-01-25,23.94,23.94,23.68,23.9
2022-01-26,23.81,23.81,23.81,23.81
2022-01-27,23.03,23.03,22.67,22.67
2022-01-28,22.81,22.81,22.3,22.3
2022-01-31,22.34,22.51,22.34,22.4
2022-02-01,22.5,23.0,22.5,22.6
2022-02-02,22.81,22.82,22.61,22.71
2022-02-03,22.55,22.57,22.38,22.38
2022-02-04,22.53,22.53,22.48,22.48
2022-02-07,23.06,23.08,23.06,23.08
2022-02-08,23.19,23.23,23.19,23.19
2022-02-09,23.34,23.34,23.34,23.34
2022-02-10,23.52,23.52,23.52,23.52
2022-02-11,23.17,23.37,23.15,23.37
2022-02-14,23.92,23.92,23.83,23.84
2022-02-15,23.17,23.34,23.17,23.34
2022-02-16,23.6,23.6,23.6,23.6
2022-02-17,23.87,23.87,23.87,23.87
2022-02-18,24.0,24.0,23.92,23.99
2022-02-22,24.21,24.31,24.21,24.31
2022-02-23,24.56,24.56,24.56,24.56
2022-02-24,25.35,25.39,24.69,24.69
2022-02-25,24.32,24.52,23.9,24.0
2022-02-28,24.55,24.85,24.28,24.36
2022-03-01,24.45,25.57,24.34,25.53
2022-03-02,25.31,25.41,25.03,25.18
2022-03-03,25.31,25.54,25.14,25.2
2022-03-04,25.3,25.83,25.25,25.78
2022-03-07,26.16,26.28,25.71,25.71
2022-03-08,25.85,27.31,25.65,26.89
2022-03-09,26.9,26.9,25.76,25.76
2022-03-10,26.03,26.2,25.59,26.2
2022-03-11,26.03,26.2,25.92,26.11
2022-03-14,25.95,25.95,25.24,25.24
2022-03-15,24.89,25.12,24.89,25.12
2022-03-16,24.98,25.07,24.6,24.67
2022-03-17,25.2,25.64,25.2,25.58
2022-03-18,25.41,25.41,25.05,25.06
2022-03-21,25.17,25.37,25.17,25.28
2022-03-22,25.19,25.19,24.76,24.89
2022-03-23,25.0,25.27,25.0,25.17
2022-03-24,25.45,25.91,25.45,25.9
2022-03-25,25.83,25.97,25.59,25.59
2022-03-28,25.18,25.21,25.03,25.18
2022-03-29,24.25,24.72,24.25,24.72
2022-03-30,25.13,25.23,25.01,25.1
2022-03-31,24.88,25.12,24.88,25.12
2022-04-01,24.86,24.87,24.64,24.64
2022-04-04,24.43,24.58,24.43,24.58
2022-04-05,24.64,24.64,24.42,24.53
2022-04-06,24.39,24.46,24.34,24.45
2022-04-07,24.55,24.73,24.46,24.73
2022-04-08,24.82,24.92,24.82,24.82
2022-04-11,25.51,25.51,24.98,24.98
2022-04-12,25.22,25.77,25.22,25.73
2022-04-13,25.62,26.02,25.62,26.02
2022-04-14,25.69,25.69,25.69,25.69
2022-04-18,26.14,26.14,26.14,26.14
2022-04-19,26.03,26.03,25.39,25.39
2022-04-20,25.22,25.27,25.22,25.27
2022-04-21,25.28,25.28,24.62,24.62
2022-04-22,24.73,24.73,24.22,24.26
2022-04-25,23.67,23.67,23.67,23.67
2022-04-26,23.54,23.59,23.54,23.54
2022-04-27,23.46,23.46,23.46,23.46
2022-04-28,23.31,23.41,22.9,23.13
2022-04-29,23.23,23.53,22.74,23.04
2022-05-02,22.72,22.83,22.12,22.54
2022-05-03,22.64,22.78,22.48,22.62
2022-05-04,22.58,23.02,22.32,22.36
2022-05-05,23.12,23.25,22.37,22.4
2022-05-06,22.28,22.49,22.09,22.33
2022-05-09,22.17,22.19,21.67,21.78
2022-05-10,21.99,22.0,21.24,21.39
2022-05-11,21.42,21.81,21.31,21.55
2022-05-12,21.48,21.58,20.66,20.76
2022-05-13,20.64,21.11,20.64,20.98
2022-05-16,21.09,21.6,21.08,21.53
2022-05-17,21.66,21.74,21.56,21.74
2022-05-18,21.67,21.67,21.39,21.53
2022-05-19,21.43,21.9,21.42,21.9
2022-05-20,21.67,21.67,21.67,21.67
2022-05-23,21.83,22.2,21.72,21.72
2022-05-24,22.06,22.07,22.03,22.06
2022-05-25,21.86,21.97,21.83,21.86
2022-05-26,21.94,21.94,21.94,21.94
2022-05-27,22.01,22.4,22.01,22.06
2022-05-31,21.6,21.67,21.6,21.65
2022-06-01,21.5,21.88,21.49,21.88
2022-06-02,21.83,22.33,21.83,22.25
2022-06-03,22.41,22.41,21.89,21.89
2022-06-06,22.07,22.07,22.07,22.07
2022-06-07,22.02,22.16,22.02,22.16
2022-06-08,21.99,22.09,21.99,22.07
2022-06-09,22.06,22.07,21.73,21.8
2022-06-10,21.7,21.92,21.7,21.91
2022-06-13,21.65,21.65,21.06,21.24
2022-06-14,21.02,21.06,20.91,20.94
2022-06-15,20.99,21.47,20.99,21.4
2022-06-16,21.69,21.92,21.38,21.87
2022-06-17,21.87,21.88,21.57,21.57
2022-06-21,21.8,21.8,21.75,21.75
2022-06-22,21.59,21.59,21.4,21.41
2022-06-23,21.38,21.38,21.03,21.03
2022-06-24,20.97,21.17,20.95,21.12
2022-06-27,21.3,21.33,21.15,21.16
2022-06-28,21.17,21.18,20.8,20.8
2022-06-29,20.81,21.0,20.55,20.67
2022-06-30,20.67,20.7,20.15,20.28
2022-07-01,20.17,20.18,19.26,19.6
2022-07-05,19.81,20.07,19.04,19.05
2022-07-06,19.19,19.19,18.84,19.08
2022-07-07,19.1,19.36,19.09,19.12
2022-07-08,19.0,19.22,19.0,19.17
2022-07-11,19.17,19.17,19.04,19.07
2022-07-12,18.8,18.9,18.77,18.9
2022-07-13,18.81,19.17,18.78,19.14
2022-07-14,19.1,19.1,18.0,18.17
2022-07-15,18.23,18.56,18.23,18.55
2022-07-18,18.81,18.83,18.59,18.79
2022-07-19,18.61,18.71,18.52,18.67
2022-07-20,18.66,18.94,18.6,18.64
2022-07-21,18.56,18.72,18.11,18.69
2022-07-22,18.71,18.75,18.49,18.58
2022-07-25,18.41,18.6,18.18,18.29
2022-07-26,18.47,18.57,18.33,18.49
2022-07-27,18.5,18.55,18.49,18.55
2022-07-28,19.02,19.94,19.02,19.83
2022-07-29,19.99,20.29,19.99,20.16
2022-08-01,20.28,20.4,20.18,20.32
2022-08-02,20.1,20.4,19.94,20.1
2022-08-03,19.88,20.02,19.78,19.86
2022-08-04,19.99,20.1,19.96,20.1
2022-08-05,20.14,20.14,19.82,19.82
2022-08-08,20.59,20.59,20.59,20.59
2022-08-09,20.62,20.66,20.46,20.46
2022-08-10,20.52,20.72,20.52,20.72
2022-08-11,20.42,20.47,20.33,20.33
2022-08-12,20.68,20.68,20.68,20.68
2022-08-15,20.25,20.25,20.25,20.25
2022-08-16,19.95,20.1,19.95,20.07
2022-08-17,20.08,20.09,19.65,19.71
2022-08-18,19.72,19.73,19.44,19.45
2022-08-19,19.13,19.13,19.06,19.06
2022-08-22,18.84,18.92,18.8,18.87
2022-08-23,18.89,19.1,18.7,19.01
2022-08-24,18.83,19.04,18.82,18.9
2022-08-25,19.05,19.11,19.03,19.11
2022-08-26,19.31,19.31,18.74,18.74
2022-08-29,18.52,18.56,18.52,18.56
2022-08-30,18.57,18.58,18.12,18.16
2022-08-31,18.16,18.24,17.7,17.76
2022-09-01,17.72,17.72,17.32,17.55
2022-09-02,17.53,18.0,17.53,17.78
2022-09-06,18.1,18.1,17.79,17.8
2022-09-07,18.14,18.24,18.14,18.14
2022-09-08,18.29,18.45,18.24,18.33
2022-09-09,18.35,18.67,18.35,18.66
2022-09-12,19.32,19.89,19.32,19.75
2022-09-13,19.73,19.75,19.2,19.39
2022-09-14,19.18,19.53,19.18,19.47
2022-09-15,19.51,19.52,19.02,19.17
2022-09-16,18.88,19.5,18.74,19.3
2022-09-19,19.27,19.27,19.27,19.27
2022-09-20,19.5,19.5,19.1,19.1
2022-09-21,19.38,19.58,19.33,19.41
2022-09-22,19.37,19.59,19.33,19.55
2022-09-23,19.51,19.51,18.78,18.84
2022-09-26,18.73,18.85,18.41,18.41
2022-09-27,18.52,18.52,18.26,18.26
2022-09-28,18.48,18.8,18.47,18.8
2022-09-29,18.76,18.76,18.52,18.61
2022-09-30,18.84,18.97,18.83,18.96
2022-10-03,20.17,20.7,20.17,20.52
2022-10-04,20.82,21.11,20.82,21.04
2022-10-05,20.8,20.8,20.13,20.48
2022-10-06,20.61,20.66,20.42,20.59
2022-10-07,20.58,20.73,20.17,20.19
2022-10-10,19.69,19.83,19.52,19.56
2022-10-11,19.34,19.52,19.06,19.43
2022-10-12,19.08,19.11,18.78,18.88
2022-10-13,18.94,18.95,18.77,18.86
2022-10-14,18.93,18.93,18.01,18.01
2022-10-17,18.62,18.67,18.62,18.67
2022-10-18,18.59,18.83,18.52,18.57
2022-10-19,18.68,18.68,18.3,18.34
2022-10-20,18.39,18.84,18.38,18.67
2022-10-21,18.57,19.32,18.29,19.04
2022-10-24,19.17,19.19,19.17,19.17
2022-10-25,18.92,19.35,18.91,19.34
2022-10-26,19.47,19.58,19.47,19.48
2022-10-27,19.64,19.64,19.45,19.48
2022-10-28,19.5,19.52,19.02,19.15
2022-10-31,19.2,19.2,18.97,19.12
2022-11-01,19.12,19.69,19.12,19.67
2022-11-02,19.78,19.86,19.58,19.6
2022-11-03,19.24,19.44,18.96,19.44
2022-11-04,19.98,20.93,19.95,20.79
2022-11-07,20.58,21.0,20.45,20.9
2022-11-08,20.68,21.62,20.68,21.48
2022-11-09,21.59,21.59,21.07,21.3
2022-11-10,21.06,21.78,21.05,21.68
2022-11-11,21.58,21.65,21.51,21.65
2022-11-14,21.86,22.1,21.85,22.09
2022-11-15,22.03,22.06,21.45,21.5
2022-11-16,21.62,21.94,21.5,21.5
2022-11-17,20.95,20.95,20.95,20.95
2022-11-18,20.98,20.98,20.98,20.98
2022-11-21,20.65,20.85,20.64,20.85
2022-11-22,21.08,21.09,20.95,21.03
2022-11-23,21.08,21.59,21.08,21.36
2022-11-25,21.35,21.44,21.35,21.42
2022-11-28,20.91,20.91,20.91,20.91
2022-11-29,20.89,21.4,20.84,21.2
2022-11-30,21.17,22.15,21.17,21.55
2022-12-01,22.25,22.76,22.07,22.64
2022-12-02,22.77,23.22,22.38,23.04
2022-12-05,23.19,23.46,22.18,22.2
2022-12-06,22.23,22.48,22.0,22.12
2022-12-07,22.6,22.77,22.5,22.71
2022-12-08,22.68,23.06,22.58,23.06
2022-12-09,23.12,23.7,23.12,23.53
2022-12-12,23.42,23.51,23.22,23.22
2022-12-13,23.33,24.16,23.33,23.8
2022-12-14,23.75,24.08,23.5,23.95
2022-12-15,23.94,23.94,23.04,23.13
2022-12-16,23.1,23.22,23.06,23.15
2022-12-19,23.03,23.03,22.94,23.03
2022-12-20,23.08,24.17,23.08,24.09
2022-12-21,24.02,24.08,24.02,24.03
2022-12-22,24.05,24.05,23.45,23.48
2022-12-23,23.72,23.88,23.61,23.76
2022-12-27,24.11,24.14,24.04,24.04
2022-12-28,24.08,24.09,23.58,23.66
2022-12-29,23.58,24.08,23.58,24.08
2022-12-30,24.06,24.16,23.86,23.86
2023-01-03,24.45,24.53,23.98,24.06
2023-01-04,24.08,24.1,23.75,23.79
2023-01-05,23.5,23.5,23.15,23.26
2023-01-06,23.3,23.82,23.29,23.82
2023-01-09,23.71,23.71,23.71,23.71
2023-01-10,23.43,23.51,23.42,23.51
2023-01-11,23.55,23.81,23.18,23.33
2023-01-12,23.81,23.86,23.81,23.86
2023-01-13,23.89,24.23,23.5,24.23
2023-01-17,24.31,24.32,23.94,23.94
2023-01-18,24.25,24.26,23.53,23.53
2023-01-19,23.75,23.75,23.75,23.75
2023-01-20,23.83,23.83,23.83,23.83
2023-01-23,23.08,23.45,22.85,23.45
2023-01-24,23.43,23.7,23.25,23.65
2023-01-25,23.68,23.94,23.62,23.84
2023-01-26,24.0,24.18,23.78,23.93
2023-01-27,23.53,23.53,23.53,23.53
2023-01-30,23.69,23.79,23.65,23.65
2023-01-31,23.56,23.75,23.06,23.75
2023-02-01,23.52,23.83,23.51,23.52
2023-02-02,24.19,24.46,23.53,23.53
2023-02-03,22.5,22.5,22.33,22.33
2023-02-06,22.24,22.24,22.18,22.18
2023-02-07,22.12,22.12,22.12,22.12
2023-02-08,22.17,22.37,22.17,22.37
2023-02-09,22.1,22.1,21.94,22.1
2023-02-10,22.11,22.11,21.99,22.03
2023-02-13,21.78,21.98,21.78,21.82
2023-02-14,21.99,21.99,21.84,21.84
2023-02-15,21.84,21.84,21.55,21.55
2023-02-16,21.62,21.68,21.55,21.68
2023-02-17,21.69,21.73,21.69,21.69
2023-02-21,21.97,21.97,21.85,21.87
2023-02-22,21.88,21.89,21.66,21.66
2023-02-23,21.51,21.57,21.3,21.3
2023-02-24,21.33,21.33,20.81,20.81
2023-02-27,20.75,20.82,20.51,20.67
2023-02-28,20.64,21.01,20.48,20.96
2023-03-01,20.88,21.15,20.88,20.96
2023-03-02,20.92,20.92,20.74,20.77
2023-03-03,21.0,21.22,20.92,21.09
2023-03-06,21.17,21.22,20.98,20.98
2023-03-07,20.99,20.99,19.99,20.05
2023-03-08,20.03,20.14,19.83,20.0
2023-03-09,20.01,20.03,20.01,20.02
2023-03-10,20.38,20.38,20.38,20.38
2023-03-13,20.69,21.79,20.69,21.79
2023-03-14,21.51,21.93,21.5,21.93
2023-03-15,21.6,22.08,21.6,21.77
2023-03-16,21.85,21.86,21.58,21.59
2023-03-17,21.75,22.35,21.75,22.35
2023-03-20,22.63,22.72,22.42,22.53
2023-03-21,22.57,22.6,22.2,22.32
2023-03-22,22.68,23.07,22.65,22.67
2023-03-23,23.14,23.14,23.14,23.14
2023-03-24,23.25,23.25,23.25,23.25
2023-03-27,23.05,23.05,23.05,23.05
2023-03-28,23.09,23.32,23.09,23.32
2023-03-29,23.38,23.38,23.38,23.38
2023-03-30,23.99,23.99,23.6,23.9
2023-03-31,23.87,24.17,23.87,24.08
2023-04-03,23.73,24.07,23.69,23.94
2023-04-04,24.42,25.08,24.42,25.02
2023-04-05,25.11,25.15,24.79,24.96
2023-04-06,24.67,25.03,24.67,25.02
2023-04-10,24.85,24.85,24.85,24.85
2023-04-11,24.96,25.16,24.96,25.13
2023-04-12,25.17,25.58,25.17,25.4
2023-04-13,25.54,25.95,25.54,25.87
2023-04-14,25.8,25.9,25.34,25.42
2023-04-17,25.05,25.05,25.05,25.05
2023-04-18,25.18,25.3,25.16,25.25
2023-04-19,24.81,25.37,24.81,25.37
2023-04-20,25.23,25.37,25.23,25.37
2023-04-21,25.17,25.18,25.05,25.05
2023-04-24,25.05,25.31,25.02,25.31
2023-04-25,25.19,25.19,24.75,24.88
2023-04-26,25.13,25.13,24.87,24.87
2023-04-27,24.98,25.21,24.57,24.98
2023-04-28,24.95,25.11,24.78,25.0
2023-05-01,25.07,25.96,25.01,25.01
2023-05-02,24.74,25.52,24.6,25.4
2023-05-03,25.42,25.59,25.19,25.48
2023-05-04,25.75,26.08,25.58,26.03
2023-05-05,26.2,26.2,25.26,25.74
2023-05-08,25.72,25.72,25.64,25.64
2023-05-09,25.5,25.72,25.44,25.7
2023-05-10,25.58,25.98,25.37,25.46
2023-05-11,25.18,25.22,24.17,24.25
2023-05-12,23.78,24.21,23.78,23.99
2023-05-15,24.07,24.14,23.92,24.13
2023-05-16,23.91,24.02,23.74,23.74
2023-05-17,23.58,23.82,23.58,23.75
2023-05-18,23.47,23.58,23.38,23.5
2023-05-19,23.92,23.95,23.92,23.92
2023-05-22,23.67,23.72,23.67,23.72
2023-05-23,23.5,23.63,23.15,23.47
2023-05-24,23.43,23.48,23.07,23.11
2023-05-25,22.87,22.99,22.79,22.79
2023-05-26,23.13,23.24,23.11,23.24
2023-05-30,23.28,23.37,22.93,23.12
2023-05-31,23.33,23.58,23.33,23.47
2023-06-01,23.88,23.88,23.88,23.88
2023-06-02,23.84,23.84,23.64,23.64
2023-06-05,23.53,23.53,23.53,23.53
2023-06-06,23.57,23.57,23.57,23.57
2023-06-07,23.44,23.44,23.44,23.44
2023-06-08,23.52,24.26,23.52,24.26
2023-06-09,24.39,24.39,24.33,24.33
2023-06-12,24.28,24.28,23.99,23.99
2023-06-13,23.76,23.76,23.76,23.76
2023-06-14,24.04,24.04,24.04,24.04
2023-06-15,23.89,23.89,23.89,23.89
2023-06-16,24.08,24.08,24.08,24.08
2023-06-20,23.19,23.19,23.19,23.19
2023-06-21,22.77,22.77,22.77,22.77
2023-06-22,22.44,22.44,22.44,22.44
2023-06-23,22.33,22.33,22.33,22.33
2023-06-26,22.81,22.85,22.81,22.81
2023-06-27,22.94,22.94,22.94,22.94
2023-06-28,22.86,22.87,22.86,22.87
2023-06-29,22.75,22.91,22.3,22.59
2023-06-30,22.53,22.81,22.34,22.81
2023-07-03,22.76,23.0,22.7,22.9
2023-07-05,22.92,23.32,22.92,23.2
2023-07-06,23.16,23.24,22.69,22.69
2023-07-07,22.86,23.11,22.86,23.09
2023-07-10,23.05,23.15,22.76,23.15
2023-07-11,23.23,23.31,23.09,23.09
2023-07-12,23.14,24.12,23.14,24.12
2023-07-13,24.3,24.82,24.3,24.77
2023-07-14,24.91,25.01,24.8,25.01
2023-07-17,24.92,24.92,24.84,24.84
2023-07-18,24.97,25.1,24.97,25.08
2023-07-19,25.25,25.25,25.05,25.22
2023-07-20,25.28,25.28,24.81,24.81
2023-07-21,24.7,24.7,24.7,24.7
2023-07-24,24.44,24.44,24.44,24.44
2023-07-25,24.55,24.74,24.55,24.68
2023-07-26,24.6,24.83,24.6,24.83
2023-07-27,24.24,24.24,24.24,24.24
2023-07-28,24.23,24.37,24.22,24.37
2023-07-31,24.21,24.85,24.21,24.85
2023-08-01,24.58,24.58,24.18,24.21
2023-08-02,24.15,24.15,23.75,23.75
2023-08-03,23.58,23.61,23.43,23.59
2023-08-04,23.6,23.62,23.38,23.62
2023-08-07,23.48,23.48,23.07,23.14
2023-08-08,22.96,22.97,22.72,22.72
2023-08-09,22.65,22.65,22.65,22.65
2023-08-10,22.75,22.75,22.75,22.75
2023-08-11,22.67,22.67,22.67,22.67
2023-08-14,22.41,22.64,22.41,22.64
2023-08-15,22.45,22.59,22.45,22.59
2023-08-16,22.66,22.66,22.48,22.48
2023-08-17,22.6,22.95,22.6,22.67
2023-08-18,22.69,22.69,22.69,22.69
2023-08-21,22.78,23.3,22.78,23.3
2023-08-22,23.34,23.42,23.34,23.42
2023-08-23,24.36,24.36,24.36,24.36
2023-08-24,24.28,24.31,24.21,24.21
2023-08-25,24.08,24.22,24.08,24.22
2023-08-28,24.24,24.24,24.24,24.24
2023-08-29,24.78,24.78,24.78,24.78
2023-08-30,24.78,25.06,24.57,24.73
2023-08-31,24.67,24.7,24.45,24.47
2023-09-01,24.49,24.84,24.2,24.23
2023-09-05,24.2,24.33,23.53,23.56
2023-09-06,23.51,23.62,23.14,23.21
2023-09-07,23.09,23.12,22.91,22.95
2023-09-08,23.1,23.15,22.89,22.89
2023-09-11,22.92,23.14,22.92,23.1
2023-09-12,22.94,23.13,22.93,23.13
2023-09-13,22.83,22.92,22.82,22.91
2023-09-14,22.61,22.75,22.58,22.75
2023-09-15,22.71,23.18,22.71,23.13
2023-09-18,23.23,23.23,23.23,23.23
2023-09-19,23.19,23.19,23.19,23.19
2023-09-20,23.35,23.58,23.35,23.58
2023-09-21,23.03,23.44,23.03,23.44
2023-09-22,23.7,23.7,23.6,23.6
2023-09-25,23.59,23.61,23.15,23.15
2023-09-26,22.95,22.95,22.95,22.95
2023-09-27,22.48,22.48,22.48,22.48
2023-09-28,22.55,22.61,22.4,22.51
2023-09-29,22.77,23.46,22.24,22.24
2023-10-02,22.17,22.17,21.22,21.22
2023-10-03,20.98,21.18,20.78,21.18
2023-10-04,21.18,21.18,20.76,20.96
2023-10-05,21.08,21.08,20.85,20.85
2023-10-06,20.99,21.54,20.92,21.54
2023-10-09,21.74,21.74,21.74,21.74
2023-10-10,21.85,21.86,21.72,21.78
2023-10-11,21.96,21.96,21.96,21.96
2023-10-12,22.07,22.19,21.79,21.79
2023-10-13,22.48,22.73,22.48,22.73
2023-10-16,22.6,22.61,22.6,22.61
2023-10-17,22.7,22.86,22.65,22.86
2023-10-18,22.79,22.94,22.76,22.94
2023-10-19,22.77,22.89,22.77,22.89
2023-10-20,23.56,23.63,23.35,23.35
2023-10-23,23.23,23.24,23.07,23.07
2023-10-24,22.85,22.98,22.85,22.98
2023-10-25,22.78,22.88,22.58,22.88
2023-10-26,22.98,22.99,22.79,22.79
2023-10-27,22.77,22.77,22.77,22.77
2023-10-30,23.16,23.57,23.09,23.28
2023-10-31,23.3,23.31,22.84,22.84
2023-11-01,22.65,23.01,22.64,22.68
2023-11-02,22.75,22.75,22.75,22.75
2023-11-03,23.2,23.2,23.2,23.2
2023-11-06,23.15,23.15,23.15,23.15
2023-11-07,22.77,22.77,22.5,22.51
2023-11-08,22.33,22.74,22.33,22.65
2023-11-09,22.52,22.92,22.5,22.83
2023-11-10,22.62,22.62,22.22,22.22
2023-11-13,22.08,22.3,22.01,22.3
2023-11-14,22.33,23.17,22.26,23.08
2023-11-15,23.49,23.49,23.49,23.49
2023-11-16,23.58,23.9,23.58,23.89
2023-11-17,23.91,24.16,23.81,23.81
2023-11-20,23.46,23.58,23.46,23.58
2023-11-21,23.76,23.84,23.76,23.84
2023-11-22,23.67,23.67,23.67,23.67
2023-11-24,24.32,24.33,24.26,24.33
2023-11-27,24.81,24.85,24.67,24.67
2023-11-28,24.93,24.93,24.93,24.93
2023-11-29,25.05,25.31,24.85,25.07
2023-11-30,25.03,25.33,24.97,25.29
2023-12-01,25.4,25.57,25.16,25.5
2023-12-04,25.59,25.93,24.45,24.56
2023-12-05,24.56,24.66,24.0,24.2
2023-12-06,24.18,24.35,23.89,23.89
2023-12-07,23.92,23.93,23.73,23.73
2023-12-08,23.82,23.82,22.97,22.97
2023-12-11,23.05,23.05,22.75,22.77
2023-12-12,22.78,22.78,22.73,22.73
2023-12-13,22.81,23.67,22.52,22.64
2023-12-14,23.76,24.2,23.76,24.1
2023-12-15,24.0,24.01,23.87,23.87
2023-12-18,23.83,23.83,23.82,23.83
2023-12-19,23.97,24.07,23.96,24.04
2023-12-20,24.08,24.39,23.97,24.35
2023-12-21,24.33,24.37,24.31,24.31
2023-12-22,24.52,24.58,24.17,24.29
2023-12-26,24.28,24.28,24.09,24.14
2023-12-27,24.24,24.38,24.15,24.38
2023-12-28,24.34,24.42,24.0,24.13
2023-12-29,23.89,23.89,23.56,23.85
2024-01-02,23.84,24.07,23.73,23.73
2024-01-03,23.26,23.26,22.93,22.95
2024-01-04,22.93,23.05,22.7,22.99
2024-01-05,23.07,23.12,22.86,23.12
2024-01-08,22.99,23.12,22.83,23.12
2024-01-09,23.14,23.14,22.9,22.9
2024-01-10,23.0,23.0,22.8,22.88
2024-01-11,22.96,23.08,22.53,22.54
2024-01-12,22.83,23.38,22.83,23.16
2024-01-16,22.93,22.93,22.93,22.93
2024-01-17,22.91,22.91,22.51,22.52
2024-01-18,22.64,22.67,22.59,22.67
2024-01-19,22.51,22.57,22.51,22.57
2024-01-22,22.0,22.16,21.92,22.16
2024-01-23,22.33,22.33,22.33,22.33
2024-01-24,22.85,22.91,22.75,22.75
2024-01-25,22.87,22.87,22.81,22.81
2024-01-26,22.76,22.84,22.75,22.75
2024-01-29,23.09,23.2,23.09,23.14
2024-01-30,23.2,23.27,23.07,23.11
2024-01-31,23.05,23.05,23.05,23.05
2024-02-01,22.88,23.13,22.55,23.13
2024-02-02,23.12,23.16,22.56,22.7
2024-02-05,22.49,22.49,22.28,22.33
2024-02-06,22.45,22.45,22.33,22.39
2024-02-07,22.34,22.41,22.28,22.28
2024-02-08,22.49,22.57,22.3,22.57
2024-02-09,22.41,22.57,22.41,22.53
2024-02-12,22.65,22.73,22.65,22.71
2024-02-13,22.1,22.1,22.1,22.1
2024-02-14,22.03,22.33,22.0,22.33
2024-02-15,22.61,22.92,22.61,22.91
2024-02-16,23.44,23.44,23.44,23.44
2024-02-20,23.15,23.15,23.11,23.11
2024-02-21,23.19,23.19,22.85,22.85
2024-02-22,22.76,22.76,22.76,22.76
2024-02-23,22.97,22.97,22.97,22.97
2024-02-26,22.59,22.59,22.52,22.52
2024-02-27,22.52,22.52,22.52,22.52
2024-02-28,22.44,22.5,22.25,22.41
2024-02-29,22.44,22.77,22.3,22.67
2024-03-01,22.66,23.25,22.57,23.15
2024-03-04,23.16,23.93,23.07,23.78
2024-03-05,23.7,24.2,23.67,23.76
2024-03-06,23.64,24.27,23.59,24.27
2024-03-07,24.17,24.51,24.14,24.37
2024-03-08,24.5,24.5,24.3,24.34
2024-03-11,24.39,24.51,24.37,24.51
2024-03-12,24.47,24.5,24.19,24.19
2024-03-13,24.22,24.96,24.22,24.96
2024-03-14,24.88,24.98,24.87,24.87
2024-03-15,24.83,25.42,24.83,25.2
2024-03-18,25.16,25.25,25.09,25.09
2024-03-19,25.17,25.17,24.94,24.96
2024-03-20,24.93,24.93,24.93,24.93
2024-03-21,25.62,25.74,24.85,24.85
2024-03-22,24.75,24.75,24.66,24.69
2024-03-25,24.82,24.84,24.72,24.75
2024-03-26,24.64,24.65,24.48,24.48
2024-03-27,24.42,24.62,24.42,24.62
2024-03-28,24.68,24.91,24.68,24.8
2024-04-01,25.25,25.34,24.81,24.95
2024-04-02,25.3,25.85,25.27,25.8
2024-04-03,26.25,27.07,26.21,26.94
2024-04-04,27.23,27.27,26.79,27.14
2024-04-05,26.49,27.41,26.49,27.4
2024-04-08,27.81,27.93,27.71,27.71
2024-04-09,28.12,28.12,27.89,27.89
2024-04-10,27.76,27.99,27.76,27.96
2024-04-11,28.13,28.51,28.0,28.18
2024-04-12,28.51,29.81,28.25,28.25
2024-04-15,28.25,28.65,27.77,28.65
2024-04-16,28.35,28.35,28.24,28.32
2024-04-17,28.51,28.51,28.31,28.35
2024-04-18,28.33,28.33,28.33,28.33
2024-04-19,28.5,28.81,28.22,28.81
2024-04-22,27.21,27.21,27.21,27.21
2024-04-23,27.14,27.41,27.14,27.33
2024-04-24,27.14,27.32,27.13,27.32
2024-04-25,27.34,27.34,27.34,27.34
2024-04-26,27.24,27.24,27.24,27.24
2024-04-29,27.2,27.44,26.96,27.37
2024-04-30,27.16,27.17,26.3,26.39
2024-05-01,26.28,26.94,26.28,26.49
2024-05-02,26.72,26.8,26.03,26.58
2024-05-03,26.63,26.78,26.16,26.44
2024-05-06,26.95,27.39,26.95,27.37
2024-05-07,27.3,27.44,27.28,27.3
2024-05-08,27.26,27.42,27.26,27.36
2024-05-09,27.6,28.2,27.6,28.13
2024-05-10,28.59,28.59,28.23,28.27
2024-05-13,28.06,28.34,28.03,28.22
2024-05-14,28.27,28.61,28.11,28.49
2024-05-15,28.61,29.51,28.61,29.51
2024-05-16,29.88,29.88,29.5,29.67
2024-05-17,29.76,31.6,29.76,31.05
2024-05-20,31.0,32.21,31.0,32.21
2024-05-21,32.49,32.5,31.41,31.87
2024-05-22,32.03,32.03,31.16,31.3
2024-05-23,30.34,30.71,30.13,30.28
2024-05-24,30.37,30.37,30.33,30.33
2024-05-28,31.54,32.12,31.5,31.97
2024-05-29,32.2,32.2,32.2,32.2
2024-05-30,32.0,32.05,31.11,31.39
2024-05-31,30.42,30.49,30.3,30.3
2024-06-03,30.44,30.64,29.85,30.64
2024-06-04,29.75,30.0,29.47,29.49
2024-06-05,29.55,29.97,29.55,29.95
2024-06-06,30.56,31.32,30.56,31.25
2024-06-07,31.52,31.52,29.3,29.33
2024-06-10,29.59,29.77,29.48,29.77
2024-06-11,29.16,29.5,29.13,29.13
2024-06-12,30.18,30.18,29.75,30.18
2024-06-13,29.12,29.33,28.82,28.99
2024-06-14,29.39,29.54,29.39,29.4
2024-06-17,29.33,29.33,29.33,29.33
2024-06-18,29.0,29.5,28.95,29.5
2024-06-20,29.5,30.78,29.5,30.78
2024-06-21,30.5,30.51,29.57,29.57
2024-06-24,29.5,29.5,29.49,29.49
2024-06-25,29.5,29.5,28.84,28.84
2024-06-26,28.91,28.91,28.91,28.91
2024-06-27,28.77,29.23,28.67,28.92
2024-06-28,28.94,29.58,28.82,29.24
2024-07-01,29.1,29.44,29.0,29.3
2024-07-02,29.31,29.62,29.23,29.35
2024-07-03,29.59,30.55,29.54,30.55
2024-07-05,30.26,31.47,30.17,31.39
2024-07-08,31.2,31.2,30.62,30.62
2024-07-09,30.77,30.77,30.77,30.77
2024-07-10,30.77,30.77,30.73,30.73
2024-07-11,30.94,31.7,30.91,31.39
2024-07-12,31.36,31.36,30.46,30.89
2024-07-15,30.69,31.0,30.59,30.67
2024-07-16,30.81,31.31,30.78,31.19
2024-07-17,31.2,31.28,30.14,30.14
2024-07-18,30.5,30.5,29.99,30.0
2024-07-19,29.75,29.75,28.9,29.09
2024-07-22,29.17,29.17,28.78,29.12
2024-07-23,29.0,29.13,28.8,29.13
2024-07-24,29.12,29.12,28.99,29.12
2024-07-25,28.7,28.7,27.55,27.81
2024-07-26,28.01,28.01,27.74,27.86
2024-07-29,28.05,28.05,27.7,27.7
2024-07-30,27.83,28.36,27.8,28.36
2024-07-31,28.72,28.89,28.72,28.78
2024-08-01,28.94,28.94,28.33,28.33
2024-08-02,28.9,28.93,28.25,28.25
2024-08-05,28.17,28.56,26.84,27.08
2024-08-06,27.22,27.23,27.1,27.1
2024-08-07,26.92,26.92,26.69,26.83
2024-08-08,27.06,27.5,27.06,27.5
2024-08-09,27.49,27.49,27.49,27.49
2024-08-12,27.84,27.92,27.78,27.92
2024-08-13,27.69,27.69,27.69,27.69
2024-08-14,27.25,27.25,27.25,27.25
2024-08-15,28.15,28.34,28.15,28.34
2024-08-16,28.78,28.78,28.78,28.78
2024-08-19,29.24,29.24,29.24,29.24
2024-08-20,29.85,29.95,29.45,29.45
2024-08-21,29.48,29.48,29.48,29.48
2024-08-22,29.44,29.45,29.0,29.01
2024-08-23,29.79,29.79,29.79,29.79
2024-08-26,30.1,30.1,29.91,29.98
2024-08-27,29.95,29.99,29.95,29.95
2024-08-28,29.18,29.18,29.18,29.18
2024-08-29,29.11,29.66,29.11,29.56
2024-08-30,29.38,29.56,28.71,28.73
2024-09-03,28.35,28.57,27.69,27.95
2024-09-04,27.89,28.22,27.89,28.17
2024-09-05,28.19,28.77,28.19,28.72
2024-09-06,28.58,28.58,27.81,27.81
2024-09-09,28.08,28.34,28.05,28.29
2024-09-10,28.25,28.26,28.2,28.26
2024-09-11,28.5,28.68,28.5,28.56
2024-09-12,28.81,29.8,28.79,29.74
2024-09-13,29.98,30.77,29.98,30.7
2024-09-16,30.89,31.01,30.76,30.77
2024-09-17,30.62,30.7,30.62,30.62
2024-09-18,30.66,30.73,30.3,30.34
2024-09-19,30.05,31.09,30.05,31.09
2024-09-20,31.07,31.2,31.07,31.18
2024-09-23,30.63,30.86,30.63,30.77
2024-09-24,30.86,32.11,30.83,32.11
2024-09-25,31.81,31.99,31.7,31.7
2024-09-26,32.24,32.25,32.03,32.03
2024-09-27,31.82,32.14,31.44,31.52
2024-09-30,31.6,31.6,31.12,31.16
2024-10-01,31.35,31.59,31.31,31.44
2024-10-02,31.06,31.7,31.06,31.63
2024-10-03,31.46,32.19,31.44,32.19
2024-10-04,32.1,32.86,31.61,32.13
2024-10-07,31.59,31.75,31.59,31.75
2024-10-08,31.39,31.39,30.35,30.35
2024-10-09,30.49,30.49,30.42,30.42
2024-10-10,31.0,31.0,31.0,31.0
2024-10-11,31.53,31.53,31.52,31.52
2024-10-14,31.08,31.2,31.08,31.08
2024-10-15,31.53,31.53,31.53,31.53
2024-10-16,31.65,31.76,31.65,31.76
2024-10-17,31.68,31.85,31.57,31.57
2024-10-18,33.03,33.68,33.03,33.03
2024-10-21,33.87,34.26,33.87,33.87
2024-10-22,34.47,34.83,34.42,34.83
2024-10-23,34.56,34.56,33.64,33.64
2024-10-24,34.14,34.14,33.61,33.61
2024-10-25,33.25,33.71,33.25,33.6
2024-10-28,33.77,33.83,33.77,33.83
2024-10-29,34.27,34.27,34.27,34.27
2024-10-30,34.12,34.17,33.54,33.91
2024-10-31,33.53,33.53,32.59,32.65
2024-11-01,32.54,32.54,32.4,32.54
2024-11-04,32.48,32.48,32.48,32.48
2024-11-05,32.65,32.65,32.65,32.65
2024-11-06,32.04,32.04,31.0,31.22
2024-11-07,31.44,31.76,31.44,31.76
2024-11-08,31.5,31.5,31.34,31.36
2024-11-11,31.11,31.11,30.5,30.54
2024-11-12,30.31,30.69,30.31,30.69
2024-11-13,30.97,30.97,30.43,30.59
2024-11-14,30.17,30.57,29.74,30.51
2024-11-15,30.32,30.37,30.25,30.37
2024-11-18,31.16,31.16,31.16,31.16
2024-11-19,31.45,31.48,31.15,31.21
2024-11-20,31.18,31.18,30.96,30.96
2024-11-21,30.94,30.94,30.75,30.91
2024-11-22,31.3,31.31,31.26,31.31
2024-11-25,30.82,30.82,30.21,30.21
2024-11-26,30.39,30.39,30.39,30.39
2024-11-27,30.49,30.75,29.99,30.11
2024-11-29,30.14,30.95,29.66,30.68
2024-12-02,30.51,30.67,30.17,30.45
2024-12-03,30.93,31.11,30.87,31.08
2024-12-04,31.16,31.5,30.92,31.5
2024-12-05,31.29,31.48,31.13,31.13
2024-12-06,31.3,31.33,31.08,31.19
2024-12-09,31.44,32.51,31.44,32.22
2024-12-10,32.1,32.36,32.03,32.36
2024-12-11,32.34,32.56,32.21,32.56
2024-12-12,32.53,32.77,31.23,31.23
2024-12-13,31.0,31.0,30.56,30.66
2024-12-16,30.82,30.82,30.68,30.7
2024-12-17,30.34,30.57,30.29,30.57
2024-12-18,30.44,30.44,29.88,30.41
2024-12-19,29.6,29.61,28.85,29.09
2024-12-20,29.17,29.84,29.1,29.66
2024-12-23,29.9,29.99,29.89,29.89
2024-12-24,29.97,29.97,29.97,29.97
2024-12-26,30.01,30.11,29.98,30.05
2024-12-27,29.93,29.93,29.6,29.66
2024-12-30,29.66,29.72,28.99,29.11
2024-12-31,29.14,29.17,28.94,28.94
2025-01-02,29.26,29.72,29.26,29.62
2025-01-03,30.08,30.08,29.81,29.81
2025-01-06,30.37,30.46,29.96,30.34
2025-01-07,30.45,30.45,30.45,30.45
2025-01-08,30.52,30.65,30.28,30.45
2025-01-09,30.97,30.97,30.74,30.79
2025-01-10,31.53,31.53,31.09,31.09
2025-01-13,30.27,30.27,30.09,30.09
2025-01-14,30.19,30.19,30.13,30.13
2025-01-15,30.88,31.35,30.88,31.32
2025-01-16,31.39,31.67,31.33,31.52
2025-01-17,31.2,31.21,30.95,30.95
2025-01-21,30.8,31.31,30.77,31.31
2025-01-22,31.0,31.24,31.0,31.24
2025-01-23,30.4,30.67,30.4,30.67
2025-01-24,31.08,31.08,30.99,31.02
2025-01-27,30.25,30.25,30.25,30.25
2025-01-28,30.36,30.73,30.36,30.73
2025-01-29,31.24,31.24,31.24,31.24
2025-01-30,31.48,32.6,31.47,32.36
2025-01-31,32.67,32.76,32.11,32.13
2025-02-03,32.15,32.46,31.63,32.39
2025-02-04,32.21,32.89,32.12,32.89
2025-02-05,32.81,32.86,32.63,32.86
2025-02-06,32.5,32.52,32.38,32.52
2025-02-07,32.74,32.74,32.11,32.33
2025-02-10,32.31,32.39,32.31,32.39
2025-02-11,32.11,32.26,31.64,32.23
2025-02-12,31.97,32.76,31.97,32.69
2025-02-13,32.83,32.88,32.53,32.65
2025-02-14,33.74,34.08,32.75,32.8
2025-02-18,32.76,33.36,32.76,33.32
2025-02-19,33.56,33.56,32.99,32.99
2025-02-20,33.44,33.44,33.44,33.44
2025-02-21,33.33,33.33,32.98,32.98
2025-02-24,32.83,32.85,32.58,32.58
2025-02-25,32.12,32.44,31.8,31.8
2025-02-26,32.25,32.25,32.25,32.25
2025-02-27,32.24,32.29,31.47,31.8
2025-02-28,31.58,31.65,31.08,31.22
2025-03-03,31.43,32.21,31.38,32.03
2025-03-04,31.84,32.29,31.77,32.11
2025-03-05,32.17,33.0,32.17,32.86
2025-03-06,32.98,33.06,32.63,33.06
2025-03-07,32.93,32.93,32.4,32.55
2025-03-10,32.76,32.76,32.1,32.28
2025-03-11,32.29,33.13,32.27,32.89
2025-03-12,33.24,33.5,33.19,33.48
2025-03-13,33.38,34.4,33.35,34.05
2025-03-14,34.24,34.56,34.06,34.19
2025-03-17,34.04,34.12,33.97,34.07
2025-03-18,34.5,34.58,34.4,34.58
2025-03-19,34.4,34.4,33.97,33.97
2025-03-20,33.69,33.81,33.69,33.79
2025-03-21,33.29,33.29,33.29,33.29
2025-03-24,33.47,33.48,33.26,33.26
2025-03-25,33.46,34.09,33.46,34.0
2025-03-26,34.31,34.31,33.99,34.03
2025-03-27,34.9,34.9,34.9,34.9
2025-03-28,35.26,35.26,34.56,34.64
2025-03-31,34.76,35.0,34.4,34.46
2025-04-01,34.6,34.67,34.16,34.16
2025-04-02,34.5,34.85,34.5,34.5
2025-04-03,34.13,34.13,31.62,31.84
2025-04-04,31.44,31.5,29.12,29.12
2025-04-07,28.45,30.46,28.31,29.51
2025-04-08,29.76,30.32,29.59,29.59
2025-04-09,29.35,30.32,29.25,30.32
2025-04-10,31.03,31.05,30.67,30.67
2025-04-11,31.11,31.82,31.11,31.82
2025-04-14,31.8,32.09,31.8,32.09
2025-04-15,32.23,32.23,32.23,32.23
2025-04-16,33.03,33.03,32.76,32.93
2025-04-17,32.33,32.58,32.09,32.42
2025-04-21,32.65,32.78,32.5,32.5
2025-04-22,32.88,32.88,32.88,32.88
2025-04-23,33.55,33.55,33.52,33.52
2025-04-24,33.33,33.48,33.33,33.48
2025-04-25,32.99,32.99,32.99,32.99
2025-04-28,32.99,32.99,32.99,32.99
2025-04-29,33.1,33.51,32.82,33.28
2025-04-30,32.89,32.99,32.13,32.53
2025-05-01,32.54,32.56,31.68,32.19
2025-05-02,32.38,32.67,31.91,31.99
2025-05-05,31.92,32.48,31.92,32.21
2025-05-06,32.65,33.19,32.65,33.11
2025-05-07,32.81,32.81,32.19,32.53
2025-05-08,32.28,32.44,32.28,32.38
2025-05-09,32.68,32.73,32.68,32.68
2025-05-12,32.58,32.87,31.93,32.39
2025-05-13,33.2,33.21,32.81,32.87
2025-05-14,32.24,32.26,32.08,32.23
2025-05-15,32.48,32.48,32.48,32.48
2025-05-16,32.19,32.24,31.91,32.16
2025-05-19,32.44,32.57,32.21,32.31
2025-05-20,32.12,33.06,32.07,32.98
2025-05-21,33.04,33.58,33.04,33.46
2025-05-22,33.58,33.58,32.84,33.05
2025-05-23,33.1,33.53,33.1,33.44
2025-05-27,33.23,33.23,32.94,33.15
2025-05-28,33.15,33.15,32.96,33.0
2025-05-29,32.91,33.44,32.66,33.28
2025-05-30,32.97,32.97,32.89,32.89
2025-06-02,33.45,34.79,33.45,34.56
2025-06-03,34.31,34.5,34.31,34.5
2025-06-04,34.39,34.52,34.39,34.52
2025-06-05,35.31,36.03,35.3,35.69
2025-06-06,35.65,36.35,35.63,36.03
2025-06-09,36.69,36.69,36.69,36.69
2025-06-10,36.46,36.54,36.45,36.54
2025-06-11,36.09,36.27,36.09,36.17
2025-06-12,35.76,36.21,35.76,36.21
2025-06-13,36.21,36.31,36.2,36.28
2025-06-16,36.25,36.38,36.25,36.38
2025-06-17,36.81,37.26,36.81,37.09
2025-06-18,37.17,37.17,36.87,36.87
2025-06-20,35.78,35.98,35.78,35.98
2025-06-23,36.16,36.17,36.15,36.15
2025-06-24,35.83,35.83,35.6,35.7
2025-06-25,36.08,36.08,36.08,36.08
2025-06-26,36.31,36.59,36.31,36.59
2025-06-27,36.56,36.64,35.63,36.04
2025-06-30,35.9,36.12,35.27,35.85
2025-07-01,36.06,36.5,35.85,36.08
2025-07-02,35.98,36.45,35.98,36.43
2025-07-03,36.41,36.94,36.35,36.78
2025-07-04,36.78,36.78,36.78,36.78
2025-07-07,37.09,37.09,36.12,36.62
2025-07-08,36.69,36.69,36.26,36.47
2025-07-09,36.38,36.38,36.27,36.35
2025-07-10,36.64,37.41,36.64,37.04
2025-07-11,37.45,38.93,37.45,38.68
2025-07-14,39.1,39.14,38.36,38.46
2025-07-15,38.28,38.33,37.67,37.83
2025-07-16,37.97,38.06,37.79,37.85
2025-07-17,37.84,38.19,37.84,38.06
2025-07-18,38.51,38.51,38.22,38.22
2025-07-21,38.99,39.12,38.99,39.1
2025-07-22,38.92,39.35,38.92,39.32
2025-07-23,39.41,39.41,39.22,39.28
2025-07-24,39.06,39.13,38.84,39.02
2025-07-25,38.93,38.93,38.04,38.17
2025-07-28,38.13,38.19,38.02,38.03
2025-07-29,38.13,38.13,38.06,38.08
2025-07-30,38.17,38.17,36.78,37.57
2025-07-31,36.84,36.84,36.55,36.55
2025-08-01,36.35,36.79,36.35,36.79
2025-08-04,37.15,37.3,37.15,37.19
2025-08-05,37.6,37.69,37.6,37.69
2025-08-06,37.76,37.77,37.76,37.77
2025-08-07,38.33,38.38,38.16,38.16
2025-08-08,38.49,38.62,38.39,38.42
2025-08-11,38.04,38.04,37.66,37.66
2025-08-12,37.56,37.9,37.56,37.9
2025-08-13,38.45,38.51,38.45,38.5
2025-08-14,37.98,37.98,37.98,37.98
2025-08-15,37.88,37.89,37.88,37.89
2025-08-18,37.95,37.95,37.95,37.95
2025-08-19,37.31,37.31,37.21,37.26
2025-08-20,37.74,37.74,37.71,37.71
2025-08-21,38.03,38.03,38.03,38.03
2025-08-22,39.0,39.0,39.0,39.0
2025-08-25,38.76,38.79,38.51,38.68
2025-08-26,38.53,38.58,38.53,38.58
2025-08-27,38.69,38.69,38.69,38.69
2025-08-28,38.69,39.33,38.68,39.19
2025-08-29,39.15,40.31,38.9,40.2
2025-09-02,40.19,41.34,40.19,41.07
2025-09-03,41.15,41.72,41.01,41.54
2025-09-04,41.03,41.06,40.8,40.91
2025-09-05,40.96,41.53,40.87,41.07
2025-09-08,41.15,41.78,41.15,41.43
2025-09-09,41.57,41.57,40.88,40.88
2025-09-10,41.13,41.13,41.13,41.13
2025-09-11,41.35,41.74,41.35,41.7
2025-09-12,41.6,42.39,41.6,42.39
2025-09-15,42.21,42.58,42.21,42.52
2025-09-16,42.47,42.47,42.44,42.47
2025-09-17,41.89,41.94,41.72,41.72
2025-09-18,41.7,41.71,41.49,41.71
2025-09-19,41.92,42.87,41.81,42.54
2025-09-22,43.67,43.92,43.3,43.8
2025-09-23,43.9,44.3,43.7,44.19
2025-09-24,44.11,44.19,43.7,43.78
2025-09-25,43.79,45.0,43.78,44.7
2025-09-26,44.88,46.22,44.87,46.22
2025-09-29,46.14,46.88,46.09,46.61
2025-09-30,46.94,46.96,45.97,46.25
2025-10-01,47.35,47.51,46.79,47.29
2025-10-02,46.97,47.24,45.38,46.0
2025-10-03,47.6,47.6,47.6,47.6
2025-10-06,47.9,48.08,47.9,48.08
2025-10-07,47.42,47.85,47.03,47.18
2025-10-08,47.89,48.66,47.89,48.66
2025-10-09,47.92,49.49,46.74,46.85
2025-10-10,46.93,48.29,46.93,46.94
2025-10-13,49.34,50.49,49.34,50.13
2025-10-14,51.26,51.99,48.53,50.31
2025-10-15,50.94,51.58,50.85,51.07
2025-10-16,52.51,53.1,51.78,53.02
2025-10-17,53.22,53.34,49.65,49.86
2025-10-20,50.42,51.43,50.14,51.12
2025-10-21,50.81,50.81,47.42,47.45
2025-10-22,47.89,48.12,47.22,47.46
2025-10-23,48.47,48.91,48.46,48.48
2025-10-24,47.42,48.43,47.42,48.38
2025-10-27,47.81,47.81,45.85,46.56
2025-10-28,46.33,47.12,46.33,47.12
2025-10-29,47.72,47.72,47.72,47.72
2025-10-30,47.54,48.61,47.13,48.43
2025-10-31,48.44,48.68,47.99,47.99
2025-11-03,47.83,48.35,47.83,47.89
2025-11-04,49.76,49.77,49.0,49.44
2025-11-05,49.72,50.21,49.72,50.21
2025-11-06,49.85,50.08,49.85,50.08
2025-11-07,50.1,50.66,49.99,50.28
2025-11-10,51.9,52.58,51.9,52.48
2025-11-11,52.65,53.05,52.63,52.9
2025-11-12,53.8,55.69,53.53,55.69
2025-11-13,55.39,56.49,54.29,55.41
2025-11-14,54.85,55.56,52.72,52.87
2025-11-17,52.62,52.9,52.19,52.9
2025-11-18,52.28,52.68,52.24,52.68
2025-11-19,53.51,54.16,53.03,53.07
2025-11-20,53.71,53.71,52.53,52.53
2025-11-21,50.48,52.12,50.44,52.12
2025-11-24,52.01,53.26,52.01,52.52
2025-11-25,53.41,53.41,52.95,53.19
2025-11-26,53.26,55.26,53.26,55.2
2025-11-28,55.46,58.82,55.19,58.82
2025-12-01,59.28,61.06,58.8,60.92
2025-12-02,59.9,60.97,59.13,60.5
2025-12-03,61.21,61.4,60.4,60.41
2025-12-04,60.43,60.43,58.85,59.22
2025-12-05,59.48,61.51,59.48,60.81
2025-12-08,59.75,60.63,59.75,60.16
2025-12-09,60.26,63.0,60.0,62.68
2025-12-10,63.72,64.06,62.5,62.87
2025-12-11,64.5,66.5,63.98,66.48
2025-12-12,65.93,66.91,63.0,63.81
2025-12-15,64.05,66.08,64.0,65.47
2025-12-16,65.94,65.94,64.18,65.17
2025-12-17,65.9,68.89,65.9,68.8
2025-12-18,68.49,68.58,66.71,67.11
2025-12-19,66.5,69.55,66.5,69.43
2025-12-22,69.58,71.5,69.58,70.58
2025-12-23,71.32,73.65,70.9,73.18
2025-12-24,73.55,74.64,72.46,73.82
2025-12-26,74.61,81.86,74.61,79.44
2025-12-29,82.83,84.95,72.6,72.62
2025-12-30,73.89,80.24,73.89,80.24
2025-12-31,76.7,77.75,71.84,72.85
2026-01-02,73.79,76.16,73.14,73.14
2026-01-05,76.8,79.79,76.64,78.93
2026-01-06,78.35,83.65,78.35,83.48
2026-01-07,84.0,84.78,79.0,79.97
2026-01-08,80.39,81.16,76.24,77.39
2026-01-09,79.8,82.62,79.8,81.68
2026-01-12,82.88,88.61,82.86,87.59
2026-01-13,86.21,91.71,86.21,88.91
2026-01-14,89.72,96.17,89.72,94.12
2026-01-15,95.0,95.43,89.39,95.06
2026-01-16,93.63,94.36,89.36,91.24
2026-01-20,93.5,98.24,93.5,97.4
2026-01-21,96.8,98.2,93.71,95.36
2026-01-22,95.33,99.46,94.5,99.18
2026-01-23,99.16,106.39,99.16,104.38
2026-01-26,108.41,121.04,106.05,118.92
2026-01-27,109.31,116.07,108.55,109.27
2026-01-28,114.68,120.0,114.68,116.95
2026-01-29,120.5,124.99,111.69,117.88
2026-01-30,120.5,121.9,77.08,80.96
2026-02-02,85.19,90.2,74.0,79.17
2026-02-03,84.0,91.49,84.0,85.74
2026-02-04,86.11,93.88,86.11,86.94
2026-02-05,90.54,91.65,72.94,79.01
2026-02-06,71.84,80.22,66.78,79.3
2026-02-09,81.27,86.0,80.78,84.75
2026-02-10,83.89,85.0,82.31,82.85
2026-02-11,83.7,88.0,83.7,86.5
2026-02-12,85.0,86.33,77.0,78.07
2026-02-13,77.76,81.44,77.76,80.29
2026-02-17,79.0,79.61,74.47,75.64
2026-02-18,75.83,80.4,75.32,79.91
2026-02-19,78.96,81.4,78.96,79.96
2026-02-20,80.62,86.8,80.29,84.75
2026-02-23,87.15,91.25,87.15,89.15
2026-02-24,90.84,91.01,87.46,90.09
2026-02-25,89.32,93.61,89.32,93.61
2026-02-26,92.7,92.7,88.1,89.55
2026-02-27,91.25,96.64,91.25,95.34
2026-03-02,97.9,98.5,89.36,90.79
2026-03-03,91.99,93.39,80.0,85.34
2026-03-04,85.44,88.68,84.3,85.07
2026-03-05,85.91,87.15,82.8,84.08
2026-03-06,84.51,86.9,84.03,86.21
2026-03-09,85.5,88.51,81.52,86.4
2026-03-10,89.26,92.25,89.15,91.57
2026-03-11,90.65,91.59,86.81,87.51
2026-03-12,87.86,89.49,85.12,87.1
2026-03-13,87.38,87.58,81.77,83.23
2026-03-16,82.11,83.6,79.14,82.56
2026-03-17,82.43,84.36,80.43,81.8
2026-03-18,81.69,82.01,77.18,79.43
2026-03-19,77.7,78.53,67.43,72.89
2026-03-20,75.4,75.9,69.5,71.42
2026-03-23,68.65,72.61,63.31,71.02
2026-03-24,69.88,72.38,67.9,71.26
2026-03-25,73.39,76.42,73.12,74.45
2026-03-26,73.18,74.08,68.6,69.63
2026-03-27,70.54,73.2,69.59,71.59
2026-03-30,71.06,73.72,70.95,72.36
2026-03-31,71.69,77.25,71.69,76.81
2026-04-01,77.56,78.16,76.1,78.05
2026-04-02,77.6,77.6,71.5,74.82
2026-04-06,74.11,75.45,73.95,74.74
2026-04-07,75.11,75.11,72.06,73.86
2026-04-08,75.19,79.71,75.19,77.35
2026-04-09,75.9,78.48,75.28,78.42
2026-04-10,77.7,78.88,76.89,78.45
2026-04-13,75.29,77.67,75.02,77.59
2026-04-14,77.85,81.75,77.85,81.52
2026-04-15,81.93,82.65,80.47,81.62
2026-04-16,82.17,82.85,80.25,80.67
2026-04-17,80.8,85.22,80.8,83.88
2026-04-20,81.57,82.44,81.35,82.04
2026-04-21,82.06,82.06,77.5,78.39
2026-04-22,78.8,80.46,78.8,79.9
2026-04-23,79.64,80.24,76.28,77.4
2026-04-24,77.26,78.41,75.75,78.26
2026-04-27,76.85,77.78,76.57,76.89
2026-04-28,77.0,77.0,73.85,74.98
2026-04-29,74.89,75.66,72.86,73.31
2026-04-30,74.16,75.57,73.76,75.31
2026-05-01,76.0,78.58,74.83,77.74
2026-05-04,77.64,77.64,73.92,74.81
2026-05-05,74.61,75.9,74.5,74.88
2026-05-06,75.81,79.7,75.81,78.68
2026-05-07,79.27,84.04,79.27,81.6
2026-05-08,80.62,83.31,80.62,82.29
2026-05-11,82.56,88.46,81.89,87.46
2026-05-12,88.66,89.35,85.14,87.08
2026-05-13,89.1,91.56,88.3,90.93
2026-05-14,89.34,89.34,85.5,86.82
2026-05-15,85.81,85.81,77.48,78.91
2026-05-18,78.04,80.0,75.48,78.82
2026-05-19,79.99,79.99,74.8,76.5
2026-05-20,76.0,78.22,74.76,77.55
2026-05-21,77.11,78.68,76.26,78.13
2026-05-22,78.47,78.66,76.91,77.59
2026-05-26,79.33,80.43,77.61,78.01
2026-05-27,78.97,79.25,75.18,76.27
2026-05-28,76.04,77.5,73.5,77.3
2026-05-29,77.39,78.3,76.3,77.27
2026-06-01,76.11,77.67,75.5,76.65
2026-06-02,76.49,78.59,76.48,76.95
2026-06-03,76.9,76.9,74.58,75.06
2026-06-04,74.72,76.46,74.59,75.33
2026-06-05,75.58,75.58,68.98,70.39
2026-06-08,68.94,70.21,67.77,69.86
2026-06-09,69.51,70.42,66.0,66.44
2026-06-10,66.6,67.02,64.68,65.92
2026-06-11,64.42,68.75,63.0,65.14
2026-06-12,68.61,69.6,67.42,69.19
2026-06-15,70.0,72.62,70.0,71.46
2026-06-16,71.21,72.5,70.43,71.28
2026-06-17,71.36,72.84,68.23,72.04
2026-06-18,69.21,70.79,66.6,67.54
2026-06-22,65.97,68.25,65.5,66.79
2026-06-23,65.99,65.99,62.72,63.22
2026-06-24,62.52,63.19,56.82,59.16
2026-06-25,58.77,60.0,57.47,59.44
2026-06-26,58.94,60.62,56.82,60.33
2026-06-29,59.97,60.32,58.5,59.28
2026-06-30,59.42,61.54,57.73,60.58
2026-07-01,59.79,62.13,58.22,61.17
2026-07-02,60.52,63.19,60.19,61.73
2026-07-06,63.58,64.38,62.49,63.01
2026-07-07,63.21,63.22,60.54,62.0
2026-07-08,61.09,62.12,58.25,59.19
2026-07-09,59.42,61.68,58.61,61.42
2026-07-10,61.06,61.87,59.92,60.83
2026-07-13,60.48,60.48,58.25,58.62
2026-07-14,58.62,60.64,57.82,59.76
2026-07-15,59.73,60.01,57.56,58.07
2026-07-16,58.81,58.83,56.23,56.8
2026-07-17,56.47,57.07,55.6,56.94
2026-07-20,56.64,58.38,56.37,57.7
2026-07-21,57.33,60.18,57.04,59.76
2026-07-22,59.89,61.94,59.72,60.96
2026-07-23,59.99,61.01,57.97,58.69
2026-07-24,58.54,59.9,58.0,59.55
2026-07-27,60.28,61.03,59.15,59.36
2026-07-28,59.35,59.35,57.56,58.16
2026-07-29,58.01,60.18,57.6,58.73
2026-07-30,58.49,60.2,57.78,59.67
2026-07-31,59.91,60.05,57.88,58.43
2026-08-03,58.97,59.49,57.37,58.5
2026-08-04,59.03,60.95,58.87,60.91
2026-08-05,60.42,63.68,60.3,62.99
2026-08-06,62.92,63.86,61.83,62.3
2026-08-07,62.44,66.15,62.15,64.22
2026-08-10,64.53,67.0,63.92,66.02
2026-08-11,66.65,67.43,65.21,65.68
2026-08-12,65.63,67.71,65.63,66.46
2026-08-13,66.21,67.2,65.06,65.73
2026-08-14,65.26,66.6,64.39,65.85
2026-08-17,65.79,67.49,65.65,66.99
2026-08-18,66.71,67.43,63.98,64.76
2026-08-19,64.18,68.03,63.2,66.57
2026-08-20,67.9,69.82,66.51,68.88
2026-08-21,69.06,70.88,68.75,70.35
2026-08-24,70.09,70.71,69.08,69.38
2026-08-25,69.78,70.77,68.18,69.47
2026-08-26,69.5,70.56,68.28,68.82
2026-08-27,68.88,70.53,68.33,70.24
2026-08-28,70.04,72.05,66.83,67.79
2026-08-31,66.8,68.18,65.83,66.99
2026-09-01,67.28,67.72,64.61,65.37
2026-09-02,64.69,66.18,63.88,65.46
2026-09-03,66.17,68.08,65.78,67.7
2026-09-04,67.63,67.81,65.33,66.75
2026-09-08,66.74,67.83,66.03,67.0
2026-09-09,66.44,68.98,66.13,68.65
2026-09-10,67.94,68.58,64.01,64.93
2026-09-11,64.14,65.82,63.15,65.19
2026-09-14,64.79,64.98,62.8,64.14
2026-09-15,63.76,64.46,63.03,63.86
2026-09-16,64.18,65.46,62.75,64.92
2026-09-17,63.42,66.67,63.28,66.1
2026-09-18,65.76,67.89,65.74,67.15
2026-09-21,66.68,67.56,66.2,66.42
2026-09-22,66.51,68.11,65.04,66.53
2026-09-23,67.61,68.06,64.71,64.96
2026-09-24,64.92,65.0,63.51,64.0
2026-09-25,64.26,65.5,63.78,64.8
2026-09-28,64.66,64.66,61.0,61.72
2026-09-29,61.03,61.9,60.63,61.15
2026-09-30,61.83,62.11,60.38,60.57
2026-10-01,60.78,61.75,60.26,61.17
2026-10-02,61.36,62.46,59.99,60.42
2026-10-05,60.7,62.4,60.65,61.3
2026-10-06,61.4,62.21,60.57,61.59
2026-10-07,61.78,61.85,59.23,60.29
2026-10-08,59.46,59.9,59.45,59.88
